Workbook

Sheet prestamos_biblioteca_publica
A1: fecha_prestamo | B1: categoria_libro | C1: idioma | D1: duracion_prestamo_dias | E1: devuelto_a_tiempo | F1: franja_horaria | G1: mes | H1: dia_semana
A2: 45662 | B2: ficcion | C2: español | D2: 14 | E2: si | F2: tarde | G2: enero | H2: domingo
A3: 45664 | B3: ensayo | C3: español | D3: 21 | E3: si | F3: mañana | G3: enero | H3: martes
A4: 45665 | B4: infantil | C4: español | D4: 10 | E4: si | F4: tarde | G4: enero | H4: miércoles
A5: 45667 | B5: comic | C5: español | D5: 7 | E5: si | F5: tarde | G5: enero | H5: viernes
A6: 45669 | B6: ficcion | C6: inglés | D6: 15 | E6: no | F6: mañana | G6: enero | H6: domingo
A7: 45671 | B7: ficcion | C7: español | D7: 14 | E7: si | F7: tarde | G7: enero | H7: martes
A8: 45672 | B8: novela_grafica | C8: español | D8: 18 | E8: si | F8: mañana | G8: enero | H8: miércoles
A9: 45674 | B9: ensayo | C9: catalán | D9: 25 | E9: si | F9: tarde | G9: enero | H9: viernes
A10: 45676 | B10: infantil | C10: español | D10: 8 | E10: si | F10: tarde | G10: enero | H10: domingo
A11: 45678 | B11: ficcion | C11: español | D11: 14 | E11: si | F11: mañana | G11: enero | H11: martes
A12: 45679 | B12: poesia | C12: español | D12: 30 | E12: no | F12: tarde | G12: enero | H12: miércoles
A13: 45681 | B13: ficcion | C13: inglés | D13: 14 | E13: si | F13: tarde | G13: enero | H13: viernes
... A262: 45808 | B262: infantil | C262: español | D262: 10 | E262: si | F262: tarde | G262: mayo | H262: sábado

Sheet Copia de Tabla
A1: fecha_prestamo | B1: categoria_libro | C1: idioma | D1: duracion_prestamo_dias | E1: devuelto_a_tiempo | F1: franja_horaria | G1: mes | H1: mes_numerado | I1: dia_semana | J1: dia_semana_numerado
A2: 45660 | B2: ensayo | C2: español | D2: 22 | E2: si | F2: tarde | G2: enero | H2: =IFS(G2="enero","01_enero",G2="febrero","02_febrero",G2="marzo","03_marzo",G2="abril","04_abril",G2="mayo","05_mayo",G2="junio","06_junio",G2="julio","07_julio",G2="agosto","08_agosto",G2="septiembre","09_septiembre",G2="octubre","10_octubre",G2="noviembre","11_noviembre",G2="diciembre","12_diciembre") -> 01_enero | I2: viernes | J2: =IFS(I2="lunes","1_lunes",I2="martes","2_martes",I2="miércoles","3_miércoles",I2="jueves","4_jueves",I2="viernes","5_viernes",I2="sábado","6_sábado",I2="domingo","7_domingo") -> 5_viernes
A3: 45662 | B3: ficcion | C3: español | D3: 14 | E3: si | F3: tarde | G3: enero | H3: =IFS(G3="enero","01_enero",G3="febrero","02_febrero",G3="marzo","03_marzo",G3="abril","04_abril",G3="mayo","05_mayo",G3="junio","06_junio",G3="julio","07_julio",G3="agosto","08_agosto",G3="septiembre","09_septiembre",G3="octubre","10_octubre",G3="noviembre","11_noviembre",G3="diciembre","12_diciembre") -> 01_enero | I3: domingo | J3: =IFS(I3="lunes","1_lunes",I3="martes","2_martes",I3="miércoles","3_miércoles",I3="jueves","4_jueves",I3="viernes","5_viernes",I3="sábado","6_sábado",I3="domingo","7_domingo") -> 7_domingo
A4: 45663 | B4: ficcion | C4: español | D4: 14 | E4: si | F4: tarde | G4: enero | H4: =IFS(G4="enero","01_enero",G4="febrero","02_febrero",G4="marzo","03_marzo",G4="abril","04_abril",G4="mayo","05_mayo",G4="junio","06_junio",G4="julio","07_julio",G4="agosto","08_agosto",G4="septiembre","09_septiembre",G4="octubre","10_octubre",G4="noviembre","11_noviembre",G4="diciembre","12_diciembre") -> 01_enero | I4: lunes | J4: =IFS(I4="lunes","1_lunes",I4="martes","2_martes",I4="miércoles","3_miércoles",I4="jueves","4_jueves",I4="viernes","5_viernes",I4="sábado","6_sábado",I4="domingo","7_domingo") -> 1_lunes | L4: Categorias | M4: Prestamos | N4: %Préstamos_categoría | O4: Días por categoría:
A5: 45664 | B5: ensayo | C5: español | D5: 21 | E5: si | F5: mañana | G5: enero | H5: =IFS(G5="enero","01_enero",G5="febrero","02_febrero",G5="marzo","03_marzo",G5="abril","04_abril",G5="mayo","05_mayo",G5="junio","06_junio",G5="julio","07_julio",G5="agosto","08_agosto",G5="septiembre","09_septiembre",G5="octubre","10_octubre",G5="noviembre","11_noviembre",G5="diciembre","12_diciembre") -> 01_enero | I5: martes | J5: =IFS(I5="lunes","1_lunes",I5="martes","2_martes",I5="miércoles","3_miércoles",I5="jueves","4_jueves",I5="viernes","5_viernes",I5="sábado","6_sábado",I5="domingo","7_domingo") -> 2_martes | L5: Ficción | M5: =COUNTIF(B$2:B$350, "ficcion") -> 103 | N5: =(COUNTIF(B$2:B4350, "ficcion")/COUNTA(B$2:B$350)*100) -> 39.463602 | O5: =AVERAGEIF($B$2:$B$350,$B$3,$D$2:$D$350) -> 14.873786
A6: 45665 | B6: infantil | C6: español | D6: 10 | E6: si | F6: tarde | G6: enero | H6: =IFS(G6="enero","01_enero",G6="febrero","02_febrero",G6="marzo","03_marzo",G6="abril","04_abril",G6="mayo","05_mayo",G6="junio","06_junio",G6="julio","07_julio",G6="agosto","08_agosto",G6="septiembre","09_septiembre",G6="octubre","10_octubre",G6="noviembre","11_noviembre",G6="diciembre","12_diciembre") -> 01_enero | I6: miércoles | J6: =IFS(I6="lunes","1_lunes",I6="martes","2_martes",I6="miércoles","3_miércoles",I6="jueves","4_jueves",I6="viernes","5_viernes",I6="sábado","6_sábado",I6="domingo","7_domingo") -> 3_miércoles | L6: Ensayo | M6: =COUNTIF(B$2:B$350, "ensayo") -> 34 | N6: =(COUNTIF(B$2:B4351, "ensayo")/COUNTA(B$2:B$350)*100) -> 13.02682 | O6: =AVERAGEIF($B$2:C$350,$B$5,$D$2:$D$350) -> 22.558824
A7: 45666 | B7: comic | C7: español | D7: 7 | E7: si | F7: mañana | G7: enero | H7: =IFS(G7="enero","01_enero",G7="febrero","02_febrero",G7="marzo","03_marzo",G7="abril","04_abril",G7="mayo","05_mayo",G7="junio","06_junio",G7="julio","07_julio",G7="agosto","08_agosto",G7="septiembre","09_septiembre",G7="octubre","10_octubre",G7="noviembre","11_noviembre",G7="diciembre","12_diciembre") -> 01_enero | I7: jueves | J7: =IFS(I7="lunes","1_lunes",I7="martes","2_martes",I7="miércoles","3_miércoles",I7="jueves","4_jueves",I7="viernes","5_viernes",I7="sábado","6_sábado",I7="domingo","7_domingo") -> 4_jueves | L7: Infantil | M7: =COUNTIF(B$2:B$350, "infantil") -> 55 | N7: =(COUNTIF(B$2:B4352, "infantil")/COUNTA(B$2:B$350)*100) -> 21.072797 | O7: =AVERAGEIF($B$2:$B$350,$B$9,$D$2:$D$350) -> 10.454545
A8: 45667 | B8: comic | C8: español | D8: 7 | E8: si | F8: tarde | G8: enero | H8: =IFS(G8="enero","01_enero",G8="febrero","02_febrero",G8="marzo","03_marzo",G8="abril","04_abril",G8="mayo","05_mayo",G8="junio","06_junio",G8="julio","07_julio",G8="agosto","08_agosto",G8="septiembre","09_septiembre",G8="octubre","10_octubre",G8="noviembre","11_noviembre",G8="diciembre","12_diciembre") -> 01_enero | I8: viernes | J8: =IFS(I8="lunes","1_lunes",I8="martes","2_martes",I8="miércoles","3_miércoles",I8="jueves","4_jueves",I8="viernes","5_viernes",I8="sábado","6_sábado",I8="domingo","7_domingo") -> 5_viernes | L8: Cómic | M8: =COUNTIF(B$2:B$350, "comic") -> 35 | N8: =(COUNTIF(B$2:B4353, "comic")/COUNTA(B$2:B$350)*100) -> 13.409962 | O8: =AVERAGEIF($B$2:$B$350,$B$7,$D$2:$D$350) -> 7
A9: 45668 | B9: infantil | C9: español | D9: 9 | E9: si | F9: tarde | G9: enero | H9: =IFS(G9="enero","01_enero",G9="febrero","02_febrero",G9="marzo","03_marzo",G9="abril","04_abril",G9="mayo","05_mayo",G9="junio","06_junio",G9="julio","07_julio",G9="agosto","08_agosto",G9="septiembre","09_septiembre",G9="octubre","10_octubre",G9="noviembre","11_noviembre",G9="diciembre","12_diciembre") -> 01_enero | I9: sábado | J9: =IFS(I9="lunes","1_lunes",I9="martes","2_martes",I9="miércoles","3_miércoles",I9="jueves","4_jueves",I9="viernes","5_viernes",I9="sábado","6_sábado",I9="domingo","7_domingo") -> 6_sábado | L9: Poesía | M9: =COUNTIF(B$2:B$350, "poesia") -> 3 | N9: =(COUNTIF(B$2:B4354, "poesia")/COUNTA(B$2:B$350)*100) -> 1.1494253 | O9: =AVERAGEIF($B$2:$B$350,$B$71,$D$2:$D$350) -> 31
A10: 45669 | B10: ficcion | C10: inglés | D10: 15 | E10: no | F10: mañana | G10: enero | H10: =IFS(G10="enero","01_enero",G10="febrero","02_febrero",G10="marzo","03_marzo",G10="abril","04_abril",G10="mayo","05_mayo",G10="junio","06_junio",G10="julio","07_julio",G10="agosto","08_agosto",G10="septiembre","09_septiembre",G10="octubre","10_octubre",G10="noviembre","11_noviembre",G10="diciembre","12_diciembre") -> 01_enero | I10: domingo | J10: =IFS(I10="lunes","1_lunes",I10="martes","2_martes",I10="miércoles","3_miércoles",I10="jueves","4_jueves",I10="viernes","5_viernes",I10="sábado","6_sábado",I10="domingo","7_domingo") -> 7_domingo | L10: Novela gráfica | M10: =COUNTIF(B$2:B$350, "novela_grafica") -> 17 | N10: =(COUNTIF(B$2:B4355, "novela_grafica")/COUNTA(B$2:B$350)*100) -> 6.51341 | O10: =AVERAGEIF($B$2:$B$350,$B$8,$D$2:$D$350) -> 7
A11: 45670 | B11: ficcion | C11: inglés | D11: 14 | E11: si | F11: tarde | G11: enero | H11: =IFS(G11="enero","01_enero",G11="febrero","02_febrero",G11="marzo","03_marzo",G11="abril","04_abril",G11="mayo","05_mayo",G11="junio","06_junio",G11="julio","07_julio",G11="agosto","08_agosto",G11="septiembre","09_septiembre",G11="octubre","10_octubre",G11="noviembre","11_noviembre",G11="diciembre","12_diciembre") -> 01_enero | I11: lunes | J11: =IFS(I11="lunes","1_lunes",I11="martes","2_martes",I11="miércoles","3_miércoles",I11="jueves","4_jueves",I11="viernes","5_viernes",I11="sábado","6_sábado",I11="domingo","7_domingo") -> 1_lunes | L11: Divulgación | M11: =COUNTIF(B$2:B$350, "divulgacion") -> 14 | N11: =(COUNTIF(B$2:B4356, "divulgacion")/COUNTA(B$2:B$350)*100) -> 5.3639847 | O11: =AVERAGEIF($B$2:$B$350,$B$28,$D$2:$D$350) -> 25
A12: 45671 | B12: ficcion | C12: español | D12: 14 | E12: si | F12: tarde | G12: enero | H12: =IFS(G12="enero","01_enero",G12="febrero","02_febrero",G12="marzo","03_marzo",G12="abril","04_abril",G12="mayo","05_mayo",G12="junio","06_junio",G12="julio","07_julio",G12="agosto","08_agosto",G12="septiembre","09_septiembre",G12="octubre","10_octubre",G12="noviembre","11_noviembre",G12="diciembre","12_diciembre") -> 01_enero | I12: martes | J12: =IFS(I12="lunes","1_lunes",I12="martes","2_martes",I12="miércoles","3_miércoles",I12="jueves","4_jueves",I12="viernes","5_viernes",I12="sábado","6_sábado",I12="domingo","7_domingo") -> 2_martes | L12: Total: | M12: =SUM(M5:M11) -> 261
A13: 45672 | B13: novela_grafica | C13: español | D13: 18 | E13: si | F13: mañana | G13: enero | H13: =IFS(G13="enero","01_enero",G13="febrero","02_febrero",G13="marzo","03_marzo",G13="abril","04_abril",G13="mayo","05_mayo",G13="junio","06_junio",G13="julio","07_julio",G13="agosto","08_agosto",G13="septiembre","09_septiembre",G13="octubre","10_octubre",G13="noviembre","11_noviembre",G13="diciembre","12_diciembre") -> 01_enero | I13: miércoles | J13: =IFS(I13="lunes","1_lunes",I13="martes","2_martes",I13="miércoles","3_miércoles",I13="jueves","4_jueves",I13="viernes","5_viernes",I13="sábado","6_sábado",I13="domingo","7_domingo") -> 3_miércoles | L13: Máximo días préstamo: | M13: 35 | N13: Promedio préstamos | O13: =AVERAGE(O5:O12) -> 16.841022
A14: 45673 | B14: novela_grafica | C14: español | D14: 20 | E14: si | F14: mañana | G14: enero | H14: =IFS(G14="enero","01_enero",G14="febrero","02_febrero",G14="marzo","03_marzo",G14="abril","04_abril",G14="mayo","05_mayo",G14="junio","06_junio",G14="julio","07_julio",G14="agosto","08_agosto",G14="septiembre","09_septiembre",G14="octubre","10_octubre",G14="noviembre","11_noviembre",G14="diciembre","12_diciembre") -> 01_enero | I14: jueves | J14: =IFS(I14="lunes","1_lunes",I14="martes","2_martes",I14="miércoles","3_miércoles",I14="jueves","4_jueves",I14="viernes","5_viernes",I14="sábado","6_sábado",I14="domingo","7_domingo") -> 4_jueves | L14: Mínimo días préstamo: | M14: 7
A15: 45674 | B15: ensayo | C15: catalán | D15: 25 | E15: si | F15: tarde | G15: enero | H15: =IFS(G15="enero","01_enero",G15="febrero","02_febrero",G15="marzo","03_marzo",G15="abril","04_abril",G15="mayo","05_mayo",G15="junio","06_junio",G15="julio","07_julio",G15="agosto","08_agosto",G15="septiembre","09_septiembre",G15="octubre","10_octubre",G15="noviembre","11_noviembre",G15="diciembre","12_diciembre") -> 01_enero | I15: viernes | J15: =IFS(I15="lunes","1_lunes",I15="martes","2_martes",I15="miércoles","3_miércoles",I15="jueves","4_jueves",I15="viernes","5_viernes",I15="sábado","6_sábado",I15="domingo","7_domingo") -> 5_viernes
A16: 45675 | B16: infantil | C16: catalán | D16: 11 | E16: si | F16: tarde | G16: enero | H16: =IFS(G16="enero","01_enero",G16="febrero","02_febrero",G16="marzo","03_marzo",G16="abril","04_abril",G16="mayo","05_mayo",G16="junio","06_junio",G16="julio","07_julio",G16="agosto","08_agosto",G16="septiembre","09_septiembre",G16="octubre","10_octubre",G16="noviembre","11_noviembre",G16="diciembre","12_diciembre") -> 01_enero | I16: sábado | J16: =IFS(I16="lunes","1_lunes",I16="martes","2_martes",I16="miércoles","3_miércoles",I16="jueves","4_jueves",I16="viernes","5_viernes",I16="sábado","6_sábado",I16="domingo","7_domingo") -> 6_sábado | L16: Ratio de préstamo: | M16: 0.50867052
A17: 45676 | B17: infantil | C17: español | D17: 8 | E17: si | F17: tarde | G17: enero | H17: =IFS(G17="enero","01_enero",G17="febrero","02_febrero",G17="marzo","03_marzo",G17="abril","04_abril",G17="mayo","05_mayo",G17="junio","06_junio",G17="julio","07_julio",G17="agosto","08_agosto",G17="septiembre","09_septiembre",G17="octubre","10_octubre",G17="noviembre","11_noviembre",G17="diciembre","12_diciembre") -> 01_enero | I17: domingo | J17: =IFS(I17="lunes","1_lunes",I17="martes","2_martes",I17="miércoles","3_miércoles",I17="jueves","4_jueves",I17="viernes","5_viernes",I17="sábado","6_sábado",I17="domingo","7_domingo") -> 7_domingo | L17: Préstamos mañana: | M17: 88
A18: 45677 | B18: ficcion | C18: español | D18: 14 | E18: si | F18: tarde | G18: enero | H18: =IFS(G18="enero","01_enero",G18="febrero","02_febrero",G18="marzo","03_marzo",G18="abril","04_abril",G18="mayo","05_mayo",G18="junio","06_junio",G18="julio","07_julio",G18="agosto","08_agosto",G18="septiembre","09_septiembre",G18="octubre","10_octubre",G18="noviembre","11_noviembre",G18="diciembre","12_diciembre") -> 01_enero | I18: lunes | J18: =IFS(I18="lunes","1_lunes",I18="martes","2_martes",I18="miércoles","3_miércoles",I18="jueves","4_jueves",I18="viernes","5_viernes",I18="sábado","6_sábado",I18="domingo","7_domingo") -> 1_lunes | L18: Préstamos tarde: | M18: 173
A19: 45678 | B19: ficcion | C19: español | D19: 14 | E19: si | F19: mañana | G19: enero | H19: =IFS(G19="enero","01_enero",G19="febrero","02_febrero",G19="marzo","03_marzo",G19="abril","04_abril",G19="mayo","05_mayo",G19="junio","06_junio",G19="julio","07_julio",G19="agosto","08_agosto",G19="septiembre","09_septiembre",G19="octubre","10_octubre",G19="noviembre","11_noviembre",G19="diciembre","12_diciembre") -> 01_enero | I19: martes | J19: =IFS(I19="lunes","1_lunes",I19="martes","2_martes",I19="miércoles","3_miércoles",I19="jueves","4_jueves",I19="viernes","5_viernes",I19="sábado","6_sábado",I19="domingo","7_domingo") -> 2_martes
A20: 45679 | B20: poesia | C20: español | D20: 30 | E20: no | F20: tarde | G20: enero | H20: =IFS(G20="enero","01_enero",G20="febrero","02_febrero",G20="marzo","03_marzo",G20="abril","04_abril",G20="mayo","05_mayo",G20="junio","06_junio",G20="julio","07_julio",G20="agosto","08_agosto",G20="septiembre","09_septiembre",G20="octubre","10_octubre",G20="noviembre","11_noviembre",G20="diciembre","12_diciembre") -> 01_enero | I20: miércoles | J20: =IFS(I20="lunes","1_lunes",I20="martes","2_martes",I20="miércoles","3_miércoles",I20="jueves","4_jueves",I20="viernes","5_viernes",I20="sábado","6_sábado",I20="domingo","7_domingo") -> 3_miércoles
A21: 45680 | B21: ensayo | C21: español | D21: 24 | E21: si | F21: mañana | G21: enero | H21: =IFS(G21="enero","01_enero",G21="febrero","02_febrero",G21="marzo","03_marzo",G21="abril","04_abril",G21="mayo","05_mayo",G21="junio","06_junio",G21="julio","07_julio",G21="agosto","08_agosto",G21="septiembre","09_septiembre",G21="octubre","10_octubre",G21="noviembre","11_noviembre",G21="diciembre","12_diciembre") -> 01_enero | I21: jueves | J21: =IFS(I21="lunes","1_lunes",I21="martes","2_martes",I21="miércoles","3_miércoles",I21="jueves","4_jueves",I21="viernes","5_viernes",I21="sábado","6_sábado",I21="domingo","7_domingo") -> 4_jueves | L21: Días de la semana: | M21: Prestamos: | N21: % días:
A22: 45681 | B22: ficcion | C22: inglés | D22: 14 | E22: si | F22: tarde | G22: enero | H22: =IFS(G22="enero","01_enero",G22="febrero","02_febrero",G22="marzo","03_marzo",G22="abril","04_abril",G22="mayo","05_mayo",G22="junio","06_junio",G22="julio","07_julio",G22="agosto","08_agosto",G22="septiembre","09_septiembre",G22="octubre","10_octubre",G22="noviembre","11_noviembre",G22="diciembre","12_diciembre") -> 01_enero | I22: viernes | J22: =IFS(I22="lunes","1_lunes",I22="martes","2_martes",I22="miércoles","3_miércoles",I22="jueves","4_jueves",I22="viernes","5_viernes",I22="sábado","6_sábado",I22="domingo","7_domingo") -> 5_viernes | L22: Lunes | M22: =COUNTIF(I$2:I$350,"lunes") -> 21 | N22: =(COUNTIF(I$2:I$350,"lunes")/COUNTA(I$2:I$350)*100) -> 8.045977
A23: 45682 | B23: comic | C23: español | D23: 7 | E23: si | F23: tarde | G23: enero | H23: =IFS(G23="enero","01_enero",G23="febrero","02_febrero",G23="marzo","03_marzo",G23="abril","04_abril",G23="mayo","05_mayo",G23="junio","06_junio",G23="julio","07_julio",G23="agosto","08_agosto",G23="septiembre","09_septiembre",G23="octubre","10_octubre",G23="noviembre","11_noviembre",G23="diciembre","12_diciembre") -> 01_enero | I23: sábado | J23: =IFS(I23="lunes","1_lunes",I23="martes","2_martes",I23="miércoles","3_miércoles",I23="jueves","4_jueves",I23="viernes","5_viernes",I23="sábado","6_sábado",I23="domingo","7_domingo") -> 6_sábado | L23: Martes | M23: =COUNTIF(I$2:I$350,"martes") -> 52 | N23: =(COUNTIF(I$2:I$350,"martes")/COUNTA(I$2:I$350)*100) -> 19.923372
A24: 45683 | B24: comic | C24: español | D24: 7 | E24: si | F24: mañana | G24: enero | H24: =IFS(G24="enero","01_enero",G24="febrero","02_febrero",G24="marzo","03_marzo",G24="abril","04_abril",G24="mayo","05_mayo",G24="junio","06_junio",G24="julio","07_julio",G24="agosto","08_agosto",G24="septiembre","09_septiembre",G24="octubre","10_octubre",G24="noviembre","11_noviembre",G24="diciembre","12_diciembre") -> 01_enero | I24: domingo | J24: =IFS(I24="lunes","1_lunes",I24="martes","2_martes",I24="miércoles","3_miércoles",I24="jueves","4_jueves",I24="viernes","5_viernes",I24="sábado","6_sábado",I24="domingo","7_domingo") -> 7_domingo | L24: Miercoles | M24: =COUNTIF(I$2:I$350,"miércoles") -> 42 | N24: =(COUNTIF(I$2:I$350,"miércoles")/COUNTA(I$2:I$350)*100) -> 16.091954
A25: 45684 | B25: ficcion | C25: español | D25: 14 | E25: si | F25: tarde | G25: enero | H25: =IFS(G25="enero","01_enero",G25="febrero","02_febrero",G25="marzo","03_marzo",G25="abril","04_abril",G25="mayo","05_mayo",G25="junio","06_junio",G25="julio","07_julio",G25="agosto","08_agosto",G25="septiembre","09_septiembre",G25="octubre","10_octubre",G25="noviembre","11_noviembre",G25="diciembre","12_diciembre") -> 01_enero | I25: lunes | J25: =IFS(I25="lunes","1_lunes",I25="martes","2_martes",I25="miércoles","3_miércoles",I25="jueves","4_jueves",I25="viernes","5_viernes",I25="sábado","6_sábado",I25="domingo","7_domingo") -> 1_lunes | L25: Jueves | M25: =COUNTIF(I$2:I$350,"jueves") -> 30 | N25: =(COUNTIF(I$2:I$350,"jueves")/COUNTA(I$2:I$350)*100) -> 11.494253
A26: 45685 | B26: ficcion | C26: español | D26: 16 | E26: si | F26: tarde | G26: enero | H26: =IFS(G26="enero","01_enero",G26="febrero","02_febrero",G26="marzo","03_marzo",G26="abril","04_abril",G26="mayo","05_mayo",G26="junio","06_junio",G26="julio","07_julio",G26="agosto","08_agosto",G26="septiembre","09_septiembre",G26="octubre","10_octubre",G26="noviembre","11_noviembre",G26="diciembre","12_diciembre") -> 01_enero | I26: martes | J26: =IFS(I26="lunes","1_lunes",I26="martes","2_martes",I26="miércoles","3_miércoles",I26="jueves","4_jueves",I26="viernes","5_viernes",I26="sábado","6_sábado",I26="domingo","7_domingo") -> 2_martes | L26: Viernes | M26: =COUNTIF(I$2:I$350,"viernes") -> 43 | N26: =(COUNTIF(I$2:I$350,"viernes")/COUNTA(I$2:I$350)*100) -> 16.475096
A27: 45686 | B27: infantil | C27: español | D27: 9 | E27: si | F27: tarde | G27: enero | H27: =IFS(G27="enero","01_enero",G27="febrero","02_febrero",G27="marzo","03_marzo",G27="abril","04_abril",G27="mayo","05_mayo",G27="junio","06_junio",G27="julio","07_julio",G27="agosto","08_agosto",G27="septiembre","09_septiembre",G27="octubre","10_octubre",G27="noviembre","11_noviembre",G27="diciembre","12_diciembre") -> 01_enero | I27: miércoles | J27: =IFS(I27="lunes","1_lunes",I27="martes","2_martes",I27="miércoles","3_miércoles",I27="jueves","4_jueves",I27="viernes","5_viernes",I27="sábado","6_sábado",I27="domingo","7_domingo") -> 3_miércoles | L27: Sabado | M27: =COUNTIF(I$2:I$350,"sábado") -> 21 | N27: =(COUNTIF(I$2:I$350,"sábado")/COUNTA(I$2:I$350)*100) -> 8.045977
A28: 45687 | B28: divulgacion | C28: inglés | D28: 27 | E28: no | F28: mañana | G28: enero | H28: =IFS(G28="enero","01_enero",G28="febrero","02_febrero",G28="marzo","03_marzo",G28="abril","04_abril",G28="mayo","05_mayo",G28="junio","06_junio",G28="julio","07_julio",G28="agosto","08_agosto",G28="septiembre","09_septiembre",G28="octubre","10_octubre",G28="noviembre","11_noviembre",G28="diciembre","12_diciembre") -> 01_enero | I28: jueves | J28: =IFS(I28="lunes","1_lunes",I28="martes","2_martes",I28="miércoles","3_miércoles",I28="jueves","4_jueves",I28="viernes","5_viernes",I28="sábado","6_sábado",I28="domingo","7_domingo") -> 4_jueves | L28: Domingo | M28: =COUNTIF(I$2:I$350,"domingo") -> 52 | N28: =(COUNTIF(I$2:I$350,"domingo")/COUNTA(I$2:I$350)*100) -> 19.923372
A29: 45688 | B29: divulgacion | C29: español | D29: 21 | E29: si | F29: mañana | G29: enero | H29: =IFS(G29="enero","01_enero",G29="febrero","02_febrero",G29="marzo","03_marzo",G29="abril","04_abril",G29="mayo","05_mayo",G29="junio","06_junio",G29="julio","07_julio",G29="agosto","08_agosto",G29="septiembre","09_septiembre",G29="octubre","10_octubre",G29="noviembre","11_noviembre",G29="diciembre","12_diciembre") -> 01_enero | I29: viernes | J29: =IFS(I29="lunes","1_lunes",I29="martes","2_martes",I29="miércoles","3_miércoles",I29="jueves","4_jueves",I29="viernes","5_viernes",I29="sábado","6_sábado",I29="domingo","7_domingo") -> 5_viernes
A30: 45689 | B30: infantil | C30: español | D30: 10 | E30: si | F30: tarde | G30: febrero | H30: =IFS(G30="enero","01_enero",G30="febrero","02_febrero",G30="marzo","03_marzo",G30="abril","04_abril",G30="mayo","05_mayo",G30="junio","06_junio",G30="julio","07_julio",G30="agosto","08_agosto",G30="septiembre","09_septiembre",G30="octubre","10_octubre",G30="noviembre","11_noviembre",G30="diciembre","12_diciembre") -> 02_febrero | I30: sábado | J30: =IFS(I30="lunes","1_lunes",I30="martes","2_martes",I30="miércoles","3_miércoles",I30="jueves","4_jueves",I30="viernes","5_viernes",I30="sábado","6_sábado",I30="domingo","7_domingo") -> 6_sábado
A31: 45690 | B31: ficcion | C31: español | D31: 14 | E31: si | F31: tarde | G31: febrero | H31: =IFS(G31="enero","01_enero",G31="febrero","02_febrero",G31="marzo","03_marzo",G31="abril","04_abril",G31="mayo","05_mayo",G31="junio","06_junio",G31="julio","07_julio",G31="agosto","08_agosto",G31="septiembre","09_septiembre",G31="octubre","10_octubre",G31="noviembre","11_noviembre",G31="diciembre","12_diciembre") -> 02_febrero | I31: domingo | J31: =IFS(I31="lunes","1_lunes",I31="martes","2_martes",I31="miércoles","3_miércoles",I31="jueves","4_jueves",I31="viernes","5_viernes",I31="sábado","6_sábado",I31="domingo","7_domingo") -> 7_domingo | L31: Meses | M31: Préstamos mañana | N31: Préstamos tarde | O31: Total préstamos:
A32: 45691 | B32: ficcion | C32: español | D32: 14 | E32: si | F32: tarde | G32: febrero | H32: =IFS(G32="enero","01_enero",G32="febrero","02_febrero",G32="marzo","03_marzo",G32="abril","04_abril",G32="mayo","05_mayo",G32="junio","06_junio",G32="julio","07_julio",G32="agosto","08_agosto",G32="septiembre","09_septiembre",G32="octubre","10_octubre",G32="noviembre","11_noviembre",G32="diciembre","12_diciembre") -> 02_febrero | I32: lunes | J32: =IFS(I32="lunes","1_lunes",I32="martes","2_martes",I32="miércoles","3_miércoles",I32="jueves","4_jueves",I32="viernes","5_viernes",I32="sábado","6_sábado",I32="domingo","7_domingo") -> 1_lunes | L32: Enero | M32: =COUNTIFS($F$2:$F$350, "mañana",$G$2:$G$350,"enero") -> 10 | N32: =COUNTIFS($F$2:$F$350, "tarde",$G$2:$G$350,"enero") -> 18 | O32: =SUM(M32+N32) -> 28
A33: 45692 | B33: infantil | C33: catalán | D33: 12 | E33: si | F33: tarde | G33: febrero | H33: =IFS(G33="enero","01_enero",G33="febrero","02_febrero",G33="marzo","03_marzo",G33="abril","04_abril",G33="mayo","05_mayo",G33="junio","06_junio",G33="julio","07_julio",G33="agosto","08_agosto",G33="septiembre","09_septiembre",G33="octubre","10_octubre",G33="noviembre","11_noviembre",G33="diciembre","12_diciembre") -> 02_febrero | I33: martes | J33: =IFS(I33="lunes","1_lunes",I33="martes","2_martes",I33="miércoles","3_miércoles",I33="jueves","4_jueves",I33="viernes","5_viernes",I33="sábado","6_sábado",I33="domingo","7_domingo") -> 2_martes | L33: Febrero | M33: =COUNTIFS($F$2:$F$350, "mañana",$G$2:$G$350,"febrero") -> 9 | N33: =COUNTIFS($F$2:$F$350, "tarde",$G$2:$G$350,"febrero") -> 19 | O33: =SUM(M33+N33) -> 28
A34: 45693 | B34: ficcion | C34: español | D34: 14 | E34: si | F34: mañana | G34: febrero | H34: =IFS(G34="enero","01_enero",G34="febrero","02_febrero",G34="marzo","03_marzo",G34="abril","04_abril",G34="mayo","05_mayo",G34="junio","06_junio",G34="julio","07_julio",G34="agosto","08_agosto",G34="septiembre","09_septiembre",G34="octubre","10_octubre",G34="noviembre","11_noviembre",G34="diciembre","12_diciembre") -> 02_febrero | I34: miércoles | J34: =IFS(I34="lunes","1_lunes",I34="martes","2_martes",I34="miércoles","3_miércoles",I34="jueves","4_jueves",I34="viernes","5_viernes",I34="sábado","6_sábado",I34="domingo","7_domingo") -> 3_miércoles | L34: Marzo | M34: =COUNTIFS($F$2:$F$350, "mañana",$G$2:$G$350,"marzo") -> 10 | N34: =COUNTIFS($F$2:$F$350, "tarde",$G$2:$G$350,"marzo") -> 21 | O34: =SUM(M34+N34) -> 31
A35: 45694 | B35: ensayo | C35: catalán | D35: 21 | E35: si | F35: mañana | G35: febrero | H35: =IFS(G35="enero","01_enero",G35="febrero","02_febrero",G35="marzo","03_marzo",G35="abril","04_abril",G35="mayo","05_mayo",G35="junio","06_junio",G35="julio","07_julio",G35="agosto","08_agosto",G35="septiembre","09_septiembre",G35="octubre","10_octubre",G35="noviembre","11_noviembre",G35="diciembre","12_diciembre") -> 02_febrero | I35: jueves | J35: =IFS(I35="lunes","1_lunes",I35="martes","2_martes",I35="miércoles","3_miércoles",I35="jueves","4_jueves",I35="viernes","5_viernes",I35="sábado","6_sábado",I35="domingo","7_domingo") -> 4_jueves | L35: Abril | M35: =COUNTIFS($F$2:$F$350, "mañana",$G$2:$G$350,"abril") -> 10 | N35: =COUNTIFS($F$2:$F$350, "tarde",$G$2:$G$350,"abril") -> 20 | O35: =SUM(M35+N35) -> 30
A36: 45695 | B36: ensayo | C36: español | D36: 28 | E36: no | F36: tarde | G36: febrero | H36: =IFS(G36="enero","01_enero",G36="febrero","02_febrero",G36="marzo","03_marzo",G36="abril","04_abril",G36="mayo","05_mayo",G36="junio","06_junio",G36="julio","07_julio",G36="agosto","08_agosto",G36="septiembre","09_septiembre",G36="octubre","10_octubre",G36="noviembre","11_noviembre",G36="diciembre","12_diciembre") -> 02_febrero | I36: viernes | J36: =IFS(I36="lunes","1_lunes",I36="martes","2_martes",I36="miércoles","3_miércoles",I36="jueves","4_jueves",I36="viernes","5_viernes",I36="sábado","6_sábado",I36="domingo","7_domingo") -> 5_viernes | L36: Mayo | M36: =COUNTIFS($F$2:$F$350, "mañana",$G$2:$G$350,"mayo") -> 11 | N36: =COUNTIFS($F$2:$F$350, "tarde",$G$2:$G$350,"mayo") -> 20 | O36: =SUM(M36+N36) -> 31
A37: 45696 | B37: comic | C37: español | D37: 7 | E37: si | F37: tarde | G37: febrero | H37: =IFS(G37="enero","01_enero",G37="febrero","02_febrero",G37="marzo","03_marzo",G37="abril","04_abril",G37="mayo","05_mayo",G37="junio","06_junio",G37="julio","07_julio",G37="agosto","08_agosto",G37="septiembre","09_septiembre",G37="octubre","10_octubre",G37="noviembre","11_noviembre",G37="diciembre","12_diciembre") -> 02_febrero | I37: sábado | J37: =IFS(I37="lunes","1_lunes",I37="martes","2_martes",I37="miércoles","3_miércoles",I37="jueves","4_jueves",I37="viernes","5_viernes",I37="sábado","6_sábado",I37="domingo","7_domingo") -> 6_sábado | L37: Junio | M37: =COUNTIFS($F$2:$F$350, "mañana",$G$2:$G$350,"junio") -> 5 | N37: =COUNTIFS($F$2:$F$350, "tarde",$G$2:$G$350,"junio") -> 12 | O37: =SUM(M37+N37) -> 17
A38: 45697 | B38: comic | C38: español | D38: 7 | E38: si | F38: tarde | G38: febrero | H38: =IFS(G38="enero","01_enero",G38="febrero","02_febrero",G38="marzo","03_marzo",G38="abril","04_abril",G38="mayo","05_mayo",G38="junio","06_junio",G38="julio","07_julio",G38="agosto","08_agosto",G38="septiembre","09_septiembre",G38="octubre","10_octubre",G38="noviembre","11_noviembre",G38="diciembre","12_diciembre") -> 02_febrero | I38: domingo | J38: =IFS(I38="lunes","1_lunes",I38="martes","2_martes",I38="miércoles","3_miércoles",I38="jueves","4_jueves",I38="viernes","5_viernes",I38="sábado","6_sábado",I38="domingo","7_domingo") -> 7_domingo | L38: Julio | M38: =COUNTIFS($F$2:$F$350, "mañana",$G$2:$G$350,"julio") -> 5 | N38: =COUNTIFS($F$2:$F$350, "tarde",$G$2:$G$350,"julio") -> 9 | O38: =SUM(M38+N38) -> 14
A39: 45698 | B39: ficcion | C39: español | D39: 14 | E39: si | F39: tarde | G39: febrero | H39: =IFS(G39="enero","01_enero",G39="febrero","02_febrero",G39="marzo","03_marzo",G39="abril","04_abril",G39="mayo","05_mayo",G39="junio","06_junio",G39="julio","07_julio",G39="agosto","08_agosto",G39="septiembre","09_septiembre",G39="octubre","10_octubre",G39="noviembre","11_noviembre",G39="diciembre","12_diciembre") -> 02_febrero | I39: lunes | J39: =IFS(I39="lunes","1_lunes",I39="martes","2_martes",I39="miércoles","3_miércoles",I39="jueves","4_jueves",I39="viernes","5_viernes",I39="sábado","6_sábado",I39="domingo","7_domingo") -> 1_lunes | L39: Agosto | M39: =COUNTIFS($F$2:$F$350, "mañana",$G$2:$G$350,"agosto") -> 4 | N39: =COUNTIFS($F$2:$F$350, "tarde",$G$2:$G$350,"agosto") -> 9 | O39: =SUM(M39+N39) -> 13
A40: 45699 | B40: ficcion | C40: inglés | D40: 14 | E40: si | F40: mañana | G40: febrero | H40: =IFS(G40="enero","01_enero",G40="febrero","02_febrero",G40="marzo","03_marzo",G40="abril","04_abril",G40="mayo","05_mayo",G40="junio","06_junio",G40="julio","07_julio",G40="agosto","08_agosto",G40="septiembre","09_septiembre",G40="octubre","10_octubre",G40="noviembre","11_noviembre",G40="diciembre","12_diciembre") -> 02_febrero | I40: martes | J40: =IFS(I40="lunes","1_lunes",I40="martes","2_martes",I40="miércoles","3_miércoles",I40="jueves","4_jueves",I40="viernes","5_viernes",I40="sábado","6_sábado",I40="domingo","7_domingo") -> 2_martes | L40: Septiembre | M40: =COUNTIFS($F$2:$F$350, "mañana",$G$2:$G$350,"septiembre") -> 6 | N40: =COUNTIFS($F$2:$F$350, "tarde",$G$2:$G$350,"septiembre") -> 11 | O40: =SUM(M40+N40) -> 17
A41: 45700 | B41: infantil | C41: español | D41: 10 | E41: si | F41: tarde | G41: febrero | H41: =IFS(G41="enero","01_enero",G41="febrero","02_febrero",G41="marzo","03_marzo",G41="abril","04_abril",G41="mayo","05_mayo",G41="junio","06_junio",G41="julio","07_julio",G41="agosto","08_agosto",G41="septiembre","09_septiembre",G41="octubre","10_octubre",G41="noviembre","11_noviembre",G41="diciembre","12_diciembre") -> 02_febrero | I41: miércoles | J41: =IFS(I41="lunes","1_lunes",I41="martes","2_martes",I41="miércoles","3_miércoles",I41="jueves","4_jueves",I41="viernes","5_viernes",I41="sábado","6_sábado",I41="domingo","7_domingo") -> 3_miércoles | L41: Octubre | M41: =COUNTIFS($F$2:$F$350, "mañana",$G$2:$G$350,"octubre") -> 6 | N41: =COUNTIFS($F$2:$F$350, "tarde",$G$2:$G$350,"octubre") -> 12 | O41: =SUM(M41+N41) -> 18
A42: 45701 | B42: infantil | C42: español | D42: 12 | E42: si | F42: mañana | G42: febrero | H42: =IFS(G42="enero","01_enero",G42="febrero","02_febrero",G42="marzo","03_marzo",G42="abril","04_abril",G42="mayo","05_mayo",G42="junio","06_junio",G42="julio","07_julio",G42="agosto","08_agosto",G42="septiembre","09_septiembre",G42="octubre","10_octubre",G42="noviembre","11_noviembre",G42="diciembre","12_diciembre") -> 02_febrero | I42: jueves | J42: =IFS(I42="lunes","1_lunes",I42="martes","2_martes",I42="miércoles","3_miércoles",I42="jueves","4_jueves",I42="viernes","5_viernes",I42="sábado","6_sábado",I42="domingo","7_domingo") -> 4_jueves | L42: Noviembre | M42: =COUNTIFS($F$2:$F$350, "mañana",$G$2:$G$350,"noviembre") -> 6 | N42: =COUNTIFS($F$2:$F$350, "tarde",$G$2:$G$350,"noviembre") -> 11 | O42: =SUM(M42+N42) -> 17
A43: 45702 | B43: ficcion | C43: español | D43: 14 | E43: si | F43: tarde | G43: febrero | H43: =IFS(G43="enero","01_enero",G43="febrero","02_febrero",G43="marzo","03_marzo",G43="abril","04_abril",G43="mayo","05_mayo",G43="junio","06_junio",G43="julio","07_julio",G43="agosto","08_agosto",G43="septiembre","09_septiembre",G43="octubre","10_octubre",G43="noviembre","11_noviembre",G43="diciembre","12_diciembre") -> 02_febrero | I43: viernes | J43: =IFS(I43="lunes","1_lunes",I43="martes","2_martes",I43="miércoles","3_miércoles",I43="jueves","4_jueves",I43="viernes","5_viernes",I43="sábado","6_sábado",I43="domingo","7_domingo") -> 5_viernes | L43: Diciembre | M43: =COUNTIFS($F$2:$F$350, "mañana",$G$2:$G$350,"diciembre") -> 6 | N43: =COUNTIFS($F$2:$F$350, "tarde",$G$2:$G$350,"diciembre") -> 11 | O43: =SUM(M43:N43) -> 17
A44: 45703 | B44: ficcion | C44: inglés | D44: 15 | E44: si | F44: tarde | G44: febrero | H44: =IFS(G44="enero","01_enero",G44="febrero","02_febrero",G44="marzo","03_marzo",G44="abril","04_abril",G44="mayo","05_mayo",G44="junio","06_junio",G44="julio","07_julio",G44="agosto","08_agosto",G44="septiembre","09_septiembre",G44="octubre","10_octubre",G44="noviembre","11_noviembre",G44="diciembre","12_diciembre") -> 02_febrero | I44: sábado | J44: =IFS(I44="lunes","1_lunes",I44="martes","2_martes",I44="miércoles","3_miércoles",I44="jueves","4_jueves",I44="viernes","5_viernes",I44="sábado","6_sábado",I44="domingo","7_domingo") -> 6_sábado | N44: Total: | O44: =SUM(Préstamos_meses[Total préstamos:]) -> 261
A45: 45704 | B45: novela_grafica | C45: español | D45: 21 | E45: si | F45: mañana | G45: febrero | H45: =IFS(G45="enero","01_enero",G45="febrero","02_febrero",G45="marzo","03_marzo",G45="abril","04_abril",G45="mayo","05_mayo",G45="junio","06_junio",G45="julio","07_julio",G45="agosto","08_agosto",G45="septiembre","09_septiembre",G45="octubre","10_octubre",G45="noviembre","11_noviembre",G45="diciembre","12_diciembre") -> 02_febrero | I45: domingo | J45: =IFS(I45="lunes","1_lunes",I45="martes","2_martes",I45="miércoles","3_miércoles",I45="jueves","4_jueves",I45="viernes","5_viernes",I45="sábado","6_sábado",I45="domingo","7_domingo") -> 7_domingo
A46: 45705 | B46: novela_grafica | C46: español | D46: 19 | E46: si | F46: tarde | G46: febrero | H46: =IFS(G46="enero","01_enero",G46="febrero","02_febrero",G46="marzo","03_marzo",G46="abril","04_abril",G46="mayo","05_mayo",G46="junio","06_junio",G46="julio","07_julio",G46="agosto","08_agosto",G46="septiembre","09_septiembre",G46="octubre","10_octubre",G46="noviembre","11_noviembre",G46="diciembre","12_diciembre") -> 02_febrero | I46: lunes | J46: =IFS(I46="lunes","1_lunes",I46="martes","2_martes",I46="miércoles","3_miércoles",I46="jueves","4_jueves",I46="viernes","5_viernes",I46="sábado","6_sábado",I46="domingo","7_domingo") -> 1_lunes
A47: 45706 | B47: ensayo | C47: español | D47: 23 | E47: si | F47: tarde | G47: febrero | H47: =IFS(G47="enero","01_enero",G47="febrero","02_febrero",G47="marzo","03_marzo",G47="abril","04_abril",G47="mayo","05_mayo",G47="junio","06_junio",G47="julio","07_julio",G47="agosto","08_agosto",G47="septiembre","09_septiembre",G47="octubre","10_octubre",G47="noviembre","11_noviembre",G47="diciembre","12_diciembre") -> 02_febrero | I47: martes | J47: =IFS(I47="lunes","1_lunes",I47="martes","2_martes",I47="miércoles","3_miércoles",I47="jueves","4_jueves",I47="viernes","5_viernes",I47="sábado","6_sábado",I47="domingo","7_domingo") -> 2_martes
A48: 45707 | B48: ficcion | C48: español | D48: 15 | E48: si | F48: tarde | G48: febrero | H48: =IFS(G48="enero","01_enero",G48="febrero","02_febrero",G48="marzo","03_marzo",G48="abril","04_abril",G48="mayo","05_mayo",G48="junio","06_junio",G48="julio","07_julio",G48="agosto","08_agosto",G48="septiembre","09_septiembre",G48="octubre","10_octubre",G48="noviembre","11_noviembre",G48="diciembre","12_diciembre") -> 02_febrero | I48: miércoles | J48: =IFS(I48="lunes","1_lunes",I48="martes","2_martes",I48="miércoles","3_miércoles",I48="jueves","4_jueves",I48="viernes","5_viernes",I48="sábado","6_sábado",I48="domingo","7_domingo") -> 3_miércoles | L48: categoria_libro | M48: Español | N48: Inglés | O48: Catalán
A49: 45708 | B49: ensayo | C49: español | D49: 22 | E49: si | F49: mañana | G49: febrero | H49: =IFS(G49="enero","01_enero",G49="febrero","02_febrero",G49="marzo","03_marzo",G49="abril","04_abril",G49="mayo","05_mayo",G49="junio","06_junio",G49="julio","07_julio",G49="agosto","08_agosto",G49="septiembre","09_septiembre",G49="octubre","10_octubre",G49="noviembre","11_noviembre",G49="diciembre","12_diciembre") -> 02_febrero | I49: jueves | J49: =IFS(I49="lunes","1_lunes",I49="martes","2_martes",I49="miércoles","3_miércoles",I49="jueves","4_jueves",I49="viernes","5_viernes",I49="sábado","6_sábado",I49="domingo","7_domingo") -> 4_jueves | L49: Ficción | M49: =COUNTIFS($B$2:$B$350,"ficcion",$C$2:$C$350, "español") -> 74 | N49: =COUNTIFS($B$2:$B$350,"ficcion",$C$2:$C$350,Préstamos_idioma[[#HEADERS],[Inglés]]) -> 18 | O49: =COUNTIFS($B$2:$B$350,"ficcion",$C$2:$C$350,"catalán") -> 11
A50: 45709 | B50: infantil | C50: español | D50: 11 | E50: si | F50: mañana | G50: febrero | H50: =IFS(G50="enero","01_enero",G50="febrero","02_febrero",G50="marzo","03_marzo",G50="abril","04_abril",G50="mayo","05_mayo",G50="junio","06_junio",G50="julio","07_julio",G50="agosto","08_agosto",G50="septiembre","09_septiembre",G50="octubre","10_octubre",G50="noviembre","11_noviembre",G50="diciembre","12_diciembre") -> 02_febrero | I50: viernes | J50: =IFS(I50="lunes","1_lunes",I50="martes","2_martes",I50="miércoles","3_miércoles",I50="jueves","4_jueves",I50="viernes","5_viernes",I50="sábado","6_sábado",I50="domingo","7_domingo") -> 5_viernes | L50: Ensayo | M50: =COUNTIFS(B$2:B$350,"ensayo",C$2:C$350, "español") -> 30 | N50: =COUNTIFS($B$2:$B$350,"ensayo",$C$2:$C$350,Préstamos_idioma[[#HEADERS],[Inglés]]) -> 0 | O50: =COUNTIFS($B$2:$B$350,"ensayo",$C$2:$C$350,"catalán") -> 4
A51: 45710 | B51: ficcion | C51: español | D51: 14 | E51: si | F51: tarde | G51: febrero | H51: =IFS(G51="enero","01_enero",G51="febrero","02_febrero",G51="marzo","03_marzo",G51="abril","04_abril",G51="mayo","05_mayo",G51="junio","06_junio",G51="julio","07_julio",G51="agosto","08_agosto",G51="septiembre","09_septiembre",G51="octubre","10_octubre",G51="noviembre","11_noviembre",G51="diciembre","12_diciembre") -> 02_febrero | I51: sábado | J51: =IFS(I51="lunes","1_lunes",I51="martes","2_martes",I51="miércoles","3_miércoles",I51="jueves","4_jueves",I51="viernes","5_viernes",I51="sábado","6_sábado",I51="domingo","7_domingo") -> 6_sábado | L51: Infantil | M51: =COUNTIFS(B$2:B$350,"infantil",C$2:C$350, "español") -> 41 | N51: =COUNTIFS($B$2:$B$350,"infantil",$C$2:$C$350,Préstamos_idioma[[#HEADERS],[Inglés]]) -> 0 | O51: =COUNTIFS($B$2:$B$350,"infantil",$C$2:$C$350,"catalán") -> 14
A52: 45711 | B52: ficcion | C52: catalán | D52: 14 | E52: si | F52: tarde | G52: febrero | H52: =IFS(G52="enero","01_enero",G52="febrero","02_febrero",G52="marzo","03_marzo",G52="abril","04_abril",G52="mayo","05_mayo",G52="junio","06_junio",G52="julio","07_julio",G52="agosto","08_agosto",G52="septiembre","09_septiembre",G52="octubre","10_octubre",G52="noviembre","11_noviembre",G52="diciembre","12_diciembre") -> 02_febrero | I52: domingo | J52: =IFS(I52="lunes","1_lunes",I52="martes","2_martes",I52="miércoles","3_miércoles",I52="jueves","4_jueves",I52="viernes","5_viernes",I52="sábado","6_sábado",I52="domingo","7_domingo") -> 7_domingo | L52: Cómic | M52: =COUNTIFS(B$2:B$350,"comic",C$2:C$350, "español") -> 35 | N52: =COUNTIFS($B$2:$B$350,"comic",$C$2:$C$350,Préstamos_idioma[[#HEADERS],[Inglés]]) -> 0 | O52: =COUNTIFS($B$2:$B$350,"comic",$C$2:$C$350,"catalán") -> 0
A53: 45712 | B53: comic | C53: español | D53: 7 | E53: si | F53: tarde | G53: febrero | H53: =IFS(G53="enero","01_enero",G53="febrero","02_febrero",G53="marzo","03_marzo",G53="abril","04_abril",G53="mayo","05_mayo",G53="junio","06_junio",G53="julio","07_julio",G53="agosto","08_agosto",G53="septiembre","09_septiembre",G53="octubre","10_octubre",G53="noviembre","11_noviembre",G53="diciembre","12_diciembre") -> 02_febrero | I53: lunes | J53: =IFS(I53="lunes","1_lunes",I53="martes","2_martes",I53="miércoles","3_miércoles",I53="jueves","4_jueves",I53="viernes","5_viernes",I53="sábado","6_sábado",I53="domingo","7_domingo") -> 1_lunes | L53: Novela gráfica | M53: =COUNTIFS(B$2:B$350,"novela_grafica",C$2:C$350, "español") -> 17 | N53: =COUNTIFS($B$2:$B$350,"novela_grafica",$C$2:$C$350,Préstamos_idioma[[#HEADERS],[Inglés]]) -> 0 | O53: =COUNTIFS($B$2:$B$350,"novela_grafica",$C$2:$C$350,"catalán") -> 0
A54: 45713 | B54: comic | C54: español | D54: 7 | E54: si | F54: tarde | G54: febrero | H54: =IFS(G54="enero","01_enero",G54="febrero","02_febrero",G54="marzo","03_marzo",G54="abril","04_abril",G54="mayo","05_mayo",G54="junio","06_junio",G54="julio","07_julio",G54="agosto","08_agosto",G54="septiembre","09_septiembre",G54="octubre","10_octubre",G54="noviembre","11_noviembre",G54="diciembre","12_diciembre") -> 02_febrero | I54: martes | J54: =IFS(I54="lunes","1_lunes",I54="martes","2_martes",I54="miércoles","3_miércoles",I54="jueves","4_jueves",I54="viernes","5_viernes",I54="sábado","6_sábado",I54="domingo","7_domingo") -> 2_martes | L54: Poesía | M54: =COUNTIFS(B$2:B$350,"poesia",C$2:C$350, "español") -> 3 | N54: =COUNTIFS($B$2:$B$350,"poesia",$C$2:$C$350,Préstamos_idioma[[#HEADERS],[Inglés]]) -> 0 | O54: =COUNTIFS($B$2:$B$350,"poesia",$C$2:$C$350,"catalán") -> 0
A55: 45714 | B55: divulgacion | C55: inglés | D55: 25 | E55: si | F55: mañana | G55: febrero | H55: =IFS(G55="enero","01_enero",G55="febrero","02_febrero",G55="marzo","03_marzo",G55="abril","04_abril",G55="mayo","05_mayo",G55="junio","06_junio",G55="julio","07_julio",G55="agosto","08_agosto",G55="septiembre","09_septiembre",G55="octubre","10_octubre",G55="noviembre","11_noviembre",G55="diciembre","12_diciembre") -> 02_febrero | I55: miércoles | J55: =IFS(I55="lunes","1_lunes",I55="martes","2_martes",I55="miércoles","3_miércoles",I55="jueves","4_jueves",I55="viernes","5_viernes",I55="sábado","6_sábado",I55="domingo","7_domingo") -> 3_miércoles | L55: Divulgación | M55: =COUNTIFS(B$2:B$350,"divulgacion",C$2:C$350, "español") -> 9 | N55: =COUNTIFS($B$2:$B$350,"divulgacion",$C$2:$C$350,Préstamos_idioma[[#HEADERS],[Inglés]]) -> 5 | O55: =COUNTIFS($B$2:$B$350,"divulgacion",$C$2:$C$350,"catalán") -> 0
A56: 45715 | B56: infantil | C56: catalán | D56: 10 | E56: si | F56: mañana | G56: febrero | H56: =IFS(G56="enero","01_enero",G56="febrero","02_febrero",G56="marzo","03_marzo",G56="abril","04_abril",G56="mayo","05_mayo",G56="junio","06_junio",G56="julio","07_julio",G56="agosto","08_agosto",G56="septiembre","09_septiembre",G56="octubre","10_octubre",G56="noviembre","11_noviembre",G56="diciembre","12_diciembre") -> 02_febrero | I56: jueves | J56: =IFS(I56="lunes","1_lunes",I56="martes","2_martes",I56="miércoles","3_miércoles",I56="jueves","4_jueves",I56="viernes","5_viernes",I56="sábado","6_sábado",I56="domingo","7_domingo") -> 4_jueves | L56: Totales: | M56: =SUM(M49:M55) -> 209 | N56: =SUM(N49:N55) -> 23 | O56: =SUM(O49:O55) -> 29
A57: 45716 | B57: ficcion | C57: español | D57: 14 | E57: si | F57: tarde | G57: febrero | H57: =IFS(G57="enero","01_enero",G57="febrero","02_febrero",G57="marzo","03_marzo",G57="abril","04_abril",G57="mayo","05_mayo",G57="junio","06_junio",G57="julio","07_julio",G57="agosto","08_agosto",G57="septiembre","09_septiembre",G57="octubre","10_octubre",G57="noviembre","11_noviembre",G57="diciembre","12_diciembre") -> 02_febrero | I57: viernes | J57: =IFS(I57="lunes","1_lunes",I57="martes","2_martes",I57="miércoles","3_miércoles",I57="jueves","4_jueves",I57="viernes","5_viernes",I57="sábado","6_sábado",I57="domingo","7_domingo") -> 5_viernes | L57: Porcentajes | M57: =M56/261*100 -> 80.076628 | N57: =N56/261*100 -> 8.8122605 | O57: =O56/261*100 -> 11.111111
A58: 45717 | B58: ficcion | C58: español | D58: 14 | E58: si | F58: tarde | G58: marzo | H58: =IFS(G58="enero","01_enero",G58="febrero","02_febrero",G58="marzo","03_marzo",G58="abril","04_abril",G58="mayo","05_mayo",G58="junio","06_junio",G58="julio","07_julio",G58="agosto","08_agosto",G58="septiembre","09_septiembre",G58="octubre","10_octubre",G58="noviembre","11_noviembre",G58="diciembre","12_diciembre") -> 03_marzo | I58: sábado | J58: =IFS(I58="lunes","1_lunes",I58="martes","2_martes",I58="miércoles","3_miércoles",I58="jueves","4_jueves",I58="viernes","5_viernes",I58="sábado","6_sábado",I58="domingo","7_domingo") -> 6_sábado
A59: 45718 | B59: infantil | C59: español | D59: 9 | E59: si | F59: tarde | G59: marzo | H59: =IFS(G59="enero","01_enero",G59="febrero","02_febrero",G59="marzo","03_marzo",G59="abril","04_abril",G59="mayo","05_mayo",G59="junio","06_junio",G59="julio","07_julio",G59="agosto","08_agosto",G59="septiembre","09_septiembre",G59="octubre","10_octubre",G59="noviembre","11_noviembre",G59="diciembre","12_diciembre") -> 03_marzo | I59: domingo | J59: =IFS(I59="lunes","1_lunes",I59="martes","2_martes",I59="miércoles","3_miércoles",I59="jueves","4_jueves",I59="viernes","5_viernes",I59="sábado","6_sábado",I59="domingo","7_domingo") -> 7_domingo | L59: mes | M59: prestamos_mes | N59: ficcion | O59: ensayo | P59: infantil | Q59: comic | R59: novela_grafica | S59: poesia | T59: divulgacion
A60: 45719 | B60: ensayo | C60: español | D60: 23 | E60: si | F60: tarde | G60: marzo | H60: =IFS(G60="enero","01_enero",G60="febrero","02_febrero",G60="marzo","03_marzo",G60="abril","04_abril",G60="mayo","05_mayo",G60="junio","06_junio",G60="julio","07_julio",G60="agosto","08_agosto",G60="septiembre","09_septiembre",G60="octubre","10_octubre",G60="noviembre","11_noviembre",G60="diciembre","12_diciembre") -> 03_marzo | I60: lunes | J60: =IFS(I60="lunes","1_lunes",I60="martes","2_martes",I60="miércoles","3_miércoles",I60="jueves","4_jueves",I60="viernes","5_viernes",I60="sábado","6_sábado",I60="domingo","7_domingo") -> 1_lunes | L60: Enero | M60: =COUNTIF(G2:G263, "enero") -> 28 | N60: =COUNTIFS(B2:B263, "ficcion", G2:G263, "enero") -> 10 | O60: =COUNTIFS(B2:B263, "ensayo", G2:G263, "enero") -> 4 | P60: =COUNTIFS(B2:B263, "infantil", G2:G263, "enero") -> 5 | Q60: =COUNTIFS(B2:B263, "comic", G2:G263, "enero") -> 4 | R60: =COUNTIFS(B2:B263, "novela_grafica", G2:G263, "enero") -> 2 | S60: =COUNTIFS(B2:B263, "poesia", G2:G263, "enero") -> 1 | T60: =COUNTIFS(B2:B263, "divulgacion", G2:G263, "enero") -> 2
A61: 45720 | B61: ficcion | C61: español | D61: 14 | E61: si | F61: mañana | G61: marzo | H61: =IFS(G61="enero","01_enero",G61="febrero","02_febrero",G61="marzo","03_marzo",G61="abril","04_abril",G61="mayo","05_mayo",G61="junio","06_junio",G61="julio","07_julio",G61="agosto","08_agosto",G61="septiembre","09_septiembre",G61="octubre","10_octubre",G61="noviembre","11_noviembre",G61="diciembre","12_diciembre") -> 03_marzo | I61: martes | J61: =IFS(I61="lunes","1_lunes",I61="martes","2_martes",I61="miércoles","3_miércoles",I61="jueves","4_jueves",I61="viernes","5_viernes",I61="sábado","6_sábado",I61="domingo","7_domingo") -> 2_martes | L61: Febrero | M61: =COUNTIF(G2:G263, "febrero") -> 28 | N61: =COUNTIFS(B2:B263, "ficcion", G2:G263, "febrero") -> 11 | O61: =COUNTIFS(B2:B263, "ensayo", G2:G263, "febrero") -> 4 | P61: =COUNTIFS(B2:B263, "infantil", G2:G263, "febrero") -> 6 | Q61: =COUNTIFS(B2:B263, "comic", G2:G263, "febrero") -> 4 | R61: =COUNTIFS(B2:B263, "novela_grafica", G2:G263, "febrero") -> 2 | S61: =COUNTIFS(B2:B263, "poesia", G2:G263, "febrero") -> 0 | T61: =COUNTIFS(B2:B263, "divulgacion", G2:G263, "febrero") -> 1
A62: 45721 | B62: ensayo | C62: español | D62: 22 | E62: si | F62: tarde | G62: marzo | H62: =IFS(G62="enero","01_enero",G62="febrero","02_febrero",G62="marzo","03_marzo",G62="abril","04_abril",G62="mayo","05_mayo",G62="junio","06_junio",G62="julio","07_julio",G62="agosto","08_agosto",G62="septiembre","09_septiembre",G62="octubre","10_octubre",G62="noviembre","11_noviembre",G62="diciembre","12_diciembre") -> 03_marzo | I62: miércoles | J62: =IFS(I62="lunes","1_lunes",I62="martes","2_martes",I62="miércoles","3_miércoles",I62="jueves","4_jueves",I62="viernes","5_viernes",I62="sábado","6_sábado",I62="domingo","7_domingo") -> 3_miércoles | L62: Marzo | M62: =COUNTIF(G2:G263, "marzo") -> 31 | N62: =COUNTIFS(B2:B263, "ficcion", G2:G263, "marzo") -> 13 | O62: =COUNTIFS(B2:B263, "ensayo", G2:G263, "marzo") -> 4 | P62: =COUNTIFS(B2:B263, "infantil", G2:G263, "marzo") -> 5 | Q62: =COUNTIFS(B2:B263, "comic", G2:G263, "marzo") -> 4 | R62: =COUNTIFS(B2:B263, "novela_grafica", G2:G263, "marzo") -> 2 | S62: =COUNTIFS(B2:B263, "poesia", G2:G263, "marzo") -> 1 | T62: =COUNTIFS(B2:B263, "divulgacion", G2:G263, "marzo") -> 2
A63: 45722 | B63: ficcion | C63: español | D63: 14 | E63: si | F63: mañana | G63: marzo | H63: =IFS(G63="enero","01_enero",G63="febrero","02_febrero",G63="marzo","03_marzo",G63="abril","04_abril",G63="mayo","05_mayo",G63="junio","06_junio",G63="julio","07_julio",G63="agosto","08_agosto",G63="septiembre","09_septiembre",G63="octubre","10_octubre",G63="noviembre","11_noviembre",G63="diciembre","12_diciembre") -> 03_marzo | I63: jueves | J63: =IFS(I63="lunes","1_lunes",I63="martes","2_martes",I63="miércoles","3_miércoles",I63="jueves","4_jueves",I63="viernes","5_viernes",I63="sábado","6_sábado",I63="domingo","7_domingo") -> 4_jueves | L63: Abril | M63: =COUNTIF(G2:G263, "abril") -> 30 | N63: =COUNTIFS(B2:B263, "ficcion", G2:G263, "abril") -> 12 | O63: =COUNTIFS(B2:B263, "ensayo", G2:G263, "abril") -> 4 | P63: =COUNTIFS(B2:B263, "infantil", G2:G263, "abril") -> 7 | Q63: =COUNTIFS(B2:B263, "comic", G2:G263, "abril") -> 4 | R63: =COUNTIFS(B2:B263, "novela_grafica", G2:G263, "abril") -> 2 | S63: =COUNTIFS(B2:B263, "poesia", G2:G263, "abril") -> 0 | T63: =COUNTIFS(B2:B263, "divulgacion", G2:G263, "abril") -> 1
A64: 45723 | B64: ficcion | C64: inglés | D64: 17 | E64: no | F64: tarde | G64: marzo | H64: =IFS(G64="enero","01_enero",G64="febrero","02_febrero",G64="marzo","03_marzo",G64="abril","04_abril",G64="mayo","05_mayo",G64="junio","06_junio",G64="julio","07_julio",G64="agosto","08_agosto",G64="septiembre","09_septiembre",G64="octubre","10_octubre",G64="noviembre","11_noviembre",G64="diciembre","12_diciembre") -> 03_marzo | I64: viernes | J64: =IFS(I64="lunes","1_lunes",I64="martes","2_martes",I64="miércoles","3_miércoles",I64="jueves","4_jueves",I64="viernes","5_viernes",I64="sábado","6_sábado",I64="domingo","7_domingo") -> 5_viernes | L64: Mayo | M64: =COUNTIF(G2:G263, "mayo") -> 31 | N64: =COUNTIFS(B2:B263, "ficcion", G2:G263, "mayo") -> 12 | O64: =COUNTIFS(B2:B263, "ensayo", G2:G263, "mayo") -> 4 | P64: =COUNTIFS(B2:B263, "infantil", G2:G263, "mayo") -> 6 | Q64: =COUNTIFS(B2:B263, "comic", G2:G263, "mayo") -> 4 | R64: =COUNTIFS(B2:B263, "novela_grafica", G2:G263, "mayo") -> 2 | S64: =COUNTIFS(B2:B263, "poesia", G2:G263, "mayo") -> 1 | T64: =COUNTIFS(B2:B263, "divulgacion", G2:G263, "mayo") -> 2
A65: 45724 | B65: comic | C65: español | D65: 7 | E65: si | F65: tarde | G65: marzo | H65: =IFS(G65="enero","01_enero",G65="febrero","02_febrero",G65="marzo","03_marzo",G65="abril","04_abril",G65="mayo","05_mayo",G65="junio","06_junio",G65="julio","07_julio",G65="agosto","08_agosto",G65="septiembre","09_septiembre",G65="octubre","10_octubre",G65="noviembre","11_noviembre",G65="diciembre","12_diciembre") -> 03_marzo | I65: sábado | J65: =IFS(I65="lunes","1_lunes",I65="martes","2_martes",I65="miércoles","3_miércoles",I65="jueves","4_jueves",I65="viernes","5_viernes",I65="sábado","6_sábado",I65="domingo","7_domingo") -> 6_sábado | L65: Junio | M65: =COUNTIF(G2:G263, "junio") -> 17 | N65: =COUNTIFS(B2:B263, "ficcion", G2:G263, "junio") -> 6 | O65: =COUNTIFS(B2:B263, "ensayo", G2:G263, "junio") -> 2 | P65: =COUNTIFS(B2:B263, "infantil", G2:G263, "junio") -> 4 | Q65: =COUNTIFS(B2:B263, "comic", G2:G263, "junio") -> 3 | R65: =COUNTIFS(B2:B263, "novela_grafica", G2:G263, "junio") -> 1 | S65: =COUNTIFS(B2:B263, "poesia", G2:G263, "junio") -> 0 | T65: =COUNTIFS(B2:B263, "divulgacion", G2:G263, "junio") -> 1
A66: 45725 | B66: comic | C66: español | D66: 7 | E66: si | F66: mañana | G66: marzo | H66: =IFS(G66="enero","01_enero",G66="febrero","02_febrero",G66="marzo","03_marzo",G66="abril","04_abril",G66="mayo","05_mayo",G66="junio","06_junio",G66="julio","07_julio",G66="agosto","08_agosto",G66="septiembre","09_septiembre",G66="octubre","10_octubre",G66="noviembre","11_noviembre",G66="diciembre","12_diciembre") -> 03_marzo | I66: domingo | J66: =IFS(I66="lunes","1_lunes",I66="martes","2_martes",I66="miércoles","3_miércoles",I66="jueves","4_jueves",I66="viernes","5_viernes",I66="sábado","6_sábado",I66="domingo","7_domingo") -> 7_domingo | L66: Julio | M66: =COUNTIF(G2:G263, "julio") -> 14 | N66: =COUNTIFS(B2:B263, "ficcion", G2:G263, "julio") -> 6 | O66: =COUNTIFS(B2:B263, "ensayo", G2:G263, "julio") -> 2 | P66: =COUNTIFS(B2:B263, "infantil", G2:G263, "julio") -> 3 | Q66: =COUNTIFS(B2:B263, "comic", G2:G263, "julio") -> 2 | R66: =COUNTIFS(B2:B263, "novela_grafica", G2:G263, "julio") -> 1 | S66: =COUNTIFS(B2:B263, "poesia", G2:G263, "julio") -> 0 | T66: =COUNTIFS(B2:B263, "divulgacion", G2:G263, "julio") -> 0
A67: 45726 | B67: infantil | C67: español | D67: 11 | E67: si | F67: tarde | G67: marzo | H67: =IFS(G67="enero","01_enero",G67="febrero","02_febrero",G67="marzo","03_marzo",G67="abril","04_abril",G67="mayo","05_mayo",G67="junio","06_junio",G67="julio","07_julio",G67="agosto","08_agosto",G67="septiembre","09_septiembre",G67="octubre","10_octubre",G67="noviembre","11_noviembre",G67="diciembre","12_diciembre") -> 03_marzo | I67: lunes | J67: =IFS(I67="lunes","1_lunes",I67="martes","2_martes",I67="miércoles","3_miércoles",I67="jueves","4_jueves",I67="viernes","5_viernes",I67="sábado","6_sábado",I67="domingo","7_domingo") -> 1_lunes | L67: Agosto | M67: =COUNTIF(G2:G263, "agosto") -> 13 | N67: =COUNTIFS(B2:B263, "ficcion", G2:G263, "agosto") -> 5 | O67: =COUNTIFS(B2:B263, "ensayo", G2:G263, "agosto") -> 1 | P67: =COUNTIFS(B2:B263, "infantil", G2:G263, "agosto") -> 3 | Q67: =COUNTIFS(B2:B263, "comic", G2:G263, "agosto") -> 2 | R67: =COUNTIFS(B2:B263, "novela_grafica", G2:G263, "agosto") -> 1 | S67: =COUNTIFS(B2:B263, "poesia", G2:G263, "agosto") -> 0 | T67: =COUNTIFS(B2:B263, "divulgacion", G2:G263, "agosto") -> 1
A68: 45727 | B68: infantil | C68: catalán | D68: 10 | E68: si | F68: tarde | G68: marzo | H68: =IFS(G68="enero","01_enero",G68="febrero","02_febrero",G68="marzo","03_marzo",G68="abril","04_abril",G68="mayo","05_mayo",G68="junio","06_junio",G68="julio","07_julio",G68="agosto","08_agosto",G68="septiembre","09_septiembre",G68="octubre","10_octubre",G68="noviembre","11_noviembre",G68="diciembre","12_diciembre") -> 03_marzo | I68: martes | J68: =IFS(I68="lunes","1_lunes",I68="martes","2_martes",I68="miércoles","3_miércoles",I68="jueves","4_jueves",I68="viernes","5_viernes",I68="sábado","6_sábado",I68="domingo","7_domingo") -> 2_martes | L68: Septiembre | M68: =COUNTIF(G2:G263, "septiembre") -> 17 | N68: =COUNTIFS(B2:B263, "ficcion", G2:G263, "septiembre") -> 7 | O68: =COUNTIFS(B2:B263, "ensayo", G2:G263, "septiembre") -> 2 | P68: =COUNTIFS(B2:B263, "infantil", G2:G263, "septiembre") -> 4 | Q68: =COUNTIFS(B2:B263, "comic", G2:G263, "septiembre") -> 2 | R68: =COUNTIFS(B2:B263, "novela_grafica", G2:G263, "septiembre") -> 1 | S68: =COUNTIFS(B2:B263, "poesia", G2:G263, "septiembre") -> 0 | T68: =COUNTIFS(B2:B263, "divulgacion", G2:G263, "septiembre") -> 1
A69: 45728 | B69: ficcion | C69: español | D69: 14 | E69: si | F69: tarde | G69: marzo | H69: =IFS(G69="enero","01_enero",G69="febrero","02_febrero",G69="marzo","03_marzo",G69="abril","04_abril",G69="mayo","05_mayo",G69="junio","06_junio",G69="julio","07_julio",G69="agosto","08_agosto",G69="septiembre","09_septiembre",G69="octubre","10_octubre",G69="noviembre","11_noviembre",G69="diciembre","12_diciembre") -> 03_marzo | I69: miércoles | J69: =IFS(I69="lunes","1_lunes",I69="martes","2_martes",I69="miércoles","3_miércoles",I69="jueves","4_jueves",I69="viernes","5_viernes",I69="sábado","6_sábado",I69="domingo","7_domingo") -> 3_miércoles | L69: Octubre | M69: =COUNTIF(G2:G263, "octubre") -> 18 | N69: =COUNTIFS(B2:B263, "ficcion", G2:G263, "octubre") -> 7 | O69: =COUNTIFS(B2:B263, "ensayo", G2:G263, "octubre") -> 3 | P69: =COUNTIFS(B2:B263, "infantil", G2:G263, "octubre") -> 4 | Q69: =COUNTIFS(B2:B263, "comic", G2:G263, "octubre") -> 2 | R69: =COUNTIFS(B2:B263, "novela_grafica", G2:G263, "octubre") -> 1 | S69: =COUNTIFS(B2:B263, "poesia", G2:G263, "octubre") -> 0 | T69: =COUNTIFS(B2:B263, "divulgacion", G2:G263, "octubre") -> 1
A70: 45729 | B70: divulgacion | C70: español | D70: 25 | E70: si | F70: mañana | G70: marzo | H70: =IFS(G70="enero","01_enero",G70="febrero","02_febrero",G70="marzo","03_marzo",G70="abril","04_abril",G70="mayo","05_mayo",G70="junio","06_junio",G70="julio","07_julio",G70="agosto","08_agosto",G70="septiembre","09_septiembre",G70="octubre","10_octubre",G70="noviembre","11_noviembre",G70="diciembre","12_diciembre") -> 03_marzo | I70: jueves | J70: =IFS(I70="lunes","1_lunes",I70="martes","2_martes",I70="miércoles","3_miércoles",I70="jueves","4_jueves",I70="viernes","5_viernes",I70="sábado","6_sábado",I70="domingo","7_domingo") -> 4_jueves | L70: Noviembre | M70: =COUNTIF(G2:G263, "noviembre") -> 17 | N70: =COUNTIFS(B2:B263, "ficcion", G2:G263, "noviembre") -> 7 | O70: =COUNTIFS(B2:B263, "ensayo", G2:G263, "noviembre") -> 2 | P70: =COUNTIFS(B2:B263, "infantil", G2:G263, "noviembre") -> 4 | Q70: =COUNTIFS(B2:B263, "comic", G2:G263, "noviembre") -> 2 | R70: =COUNTIFS(B2:B263, "novela_grafica", G2:G263, "noviembre") -> 1 | S70: =COUNTIFS(B2:B263, "poesia", G2:G263, "noviembre") -> 0 | T70: =COUNTIFS(B2:B263, "divulgacion", G2:G263, "noviembre") -> 1
A71: 45730 | B71: poesia | C71: español | D71: 35 | E71: no | F71: mañana | G71: marzo | H71: =IFS(G71="enero","01_enero",G71="febrero","02_febrero",G71="marzo","03_marzo",G71="abril","04_abril",G71="mayo","05_mayo",G71="junio","06_junio",G71="julio","07_julio",G71="agosto","08_agosto",G71="septiembre","09_septiembre",G71="octubre","10_octubre",G71="noviembre","11_noviembre",G71="diciembre","12_diciembre") -> 03_marzo | I71: viernes | J71: =IFS(I71="lunes","1_lunes",I71="martes","2_martes",I71="miércoles","3_miércoles",I71="jueves","4_jueves",I71="viernes","5_viernes",I71="sábado","6_sábado",I71="domingo","7_domingo") -> 5_viernes | L71: Diciembre | M71: =COUNTIF(G2:G263, "diciembre") -> 17 | N71: =COUNTIFS(B2:B263, "ficcion", G2:G263, "diciembre") -> 7 | O71: =COUNTIFS(B2:B263, "ensayo", G2:G263, "diciembre") -> 2 | P71: =COUNTIFS(B2:B263, "infantil", G2:G263, "diciembre") -> 4 | Q71: =COUNTIFS(B2:B263, "comic", G2:G263, "diciembre") -> 2 | R71: =COUNTIFS(B2:B263, "novela_grafica", G2:G263, "diciembre") -> 1 | S71: =COUNTIFS(B2:B263, "poesia", G2:G263, "diciembre") -> 0 | T71: =COUNTIFS(B2:B263, "divulgacion", G2:G263, "diciembre") -> 1
A72: 45731 | B72: ficcion | C72: inglés | D72: 14 | E72: si | F72: tarde | G72: marzo | H72: =IFS(G72="enero","01_enero",G72="febrero","02_febrero",G72="marzo","03_marzo",G72="abril","04_abril",G72="mayo","05_mayo",G72="junio","06_junio",G72="julio","07_julio",G72="agosto","08_agosto",G72="septiembre","09_septiembre",G72="octubre","10_octubre",G72="noviembre","11_noviembre",G72="diciembre","12_diciembre") -> 03_marzo | I72: sábado | J72: =IFS(I72="lunes","1_lunes",I72="martes","2_martes",I72="miércoles","3_miércoles",I72="jueves","4_jueves",I72="viernes","5_viernes",I72="sábado","6_sábado",I72="domingo","7_domingo") -> 6_sábado
A73: 45732 | B73: ficcion | C73: español | D73: 14 | E73: si | F73: tarde | G73: marzo | H73: =IFS(G73="enero","01_enero",G73="febrero","02_febrero",G73="marzo","03_marzo",G73="abril","04_abril",G73="mayo","05_mayo",G73="junio","06_junio",G73="julio","07_julio",G73="agosto","08_agosto",G73="septiembre","09_septiembre",G73="octubre","10_octubre",G73="noviembre","11_noviembre",G73="diciembre","12_diciembre") -> 03_marzo | I73: domingo | J73: =IFS(I73="lunes","1_lunes",I73="martes","2_martes",I73="miércoles","3_miércoles",I73="jueves","4_jueves",I73="viernes","5_viernes",I73="sábado","6_sábado",I73="domingo","7_domingo") -> 7_domingo
A74: 45733 | B74: ficcion | C74: catalán | D74: 16 | E74: no | F74: tarde | G74: marzo | H74: =IFS(G74="enero","01_enero",G74="febrero","02_febrero",G74="marzo","03_marzo",G74="abril","04_abril",G74="mayo","05_mayo",G74="junio","06_junio",G74="julio","07_julio",G74="agosto","08_agosto",G74="septiembre","09_septiembre",G74="octubre","10_octubre",G74="noviembre","11_noviembre",G74="diciembre","12_diciembre") -> 03_marzo | I74: lunes | J74: =IFS(I74="lunes","1_lunes",I74="martes","2_martes",I74="miércoles","3_miércoles",I74="jueves","4_jueves",I74="viernes","5_viernes",I74="sábado","6_sábado",I74="domingo","7_domingo") -> 1_lunes
A75: 45734 | B75: novela_grafica | C75: español | D75: 19 | E75: si | F75: mañana | G75: marzo | H75: =IFS(G75="enero","01_enero",G75="febrero","02_febrero",G75="marzo","03_marzo",G75="abril","04_abril",G75="mayo","05_mayo",G75="junio","06_junio",G75="julio","07_julio",G75="agosto","08_agosto",G75="septiembre","09_septiembre",G75="octubre","10_octubre",G75="noviembre","11_noviembre",G75="diciembre","12_diciembre") -> 03_marzo | I75: martes | J75: =IFS(I75="lunes","1_lunes",I75="martes","2_martes",I75="miércoles","3_miércoles",I75="jueves","4_jueves",I75="viernes","5_viernes",I75="sábado","6_sábado",I75="domingo","7_domingo") -> 2_martes
A76: 45735 | B76: ficcion | C76: español | D76: 14 | E76: si | F76: tarde | G76: marzo | H76: =IFS(G76="enero","01_enero",G76="febrero","02_febrero",G76="marzo","03_marzo",G76="abril","04_abril",G76="mayo","05_mayo",G76="junio","06_junio",G76="julio","07_julio",G76="agosto","08_agosto",G76="septiembre","09_septiembre",G76="octubre","10_octubre",G76="noviembre","11_noviembre",G76="diciembre","12_diciembre") -> 03_marzo | I76: miércoles | J76: =IFS(I76="lunes","1_lunes",I76="martes","2_martes",I76="miércoles","3_miércoles",I76="jueves","4_jueves",I76="viernes","5_viernes",I76="sábado","6_sábado",I76="domingo","7_domingo") -> 3_miércoles
A77: 45736 | B77: novela_grafica | C77: español | D77: 18 | E77: si | F77: mañana | G77: marzo | H77: =IFS(G77="enero","01_enero",G77="febrero","02_febrero",G77="marzo","03_marzo",G77="abril","04_abril",G77="mayo","05_mayo",G77="junio","06_junio",G77="julio","07_julio",G77="agosto","08_agosto",G77="septiembre","09_septiembre",G77="octubre","10_octubre",G77="noviembre","11_noviembre",G77="diciembre","12_diciembre") -> 03_marzo | I77: jueves | J77: =IFS(I77="lunes","1_lunes",I77="martes","2_martes",I77="miércoles","3_miércoles",I77="jueves","4_jueves",I77="viernes","5_viernes",I77="sábado","6_sábado",I77="domingo","7_domingo") -> 4_jueves
A78: 45737 | B78: infantil | C78: español | D78: 8 | E78: si | F78: tarde | G78: marzo | H78: =IFS(G78="enero","01_enero",G78="febrero","02_febrero",G78="marzo","03_marzo",G78="abril","04_abril",G78="mayo","05_mayo",G78="junio","06_junio",G78="julio","07_julio",G78="agosto","08_agosto",G78="septiembre","09_septiembre",G78="octubre","10_octubre",G78="noviembre","11_noviembre",G78="diciembre","12_diciembre") -> 03_marzo | I78: viernes | J78: =IFS(I78="lunes","1_lunes",I78="martes","2_martes",I78="miércoles","3_miércoles",I78="jueves","4_jueves",I78="viernes","5_viernes",I78="sábado","6_sábado",I78="domingo","7_domingo") -> 5_viernes
A79: 45738 | B79: infantil | C79: español | D79: 9 | E79: si | F79: tarde | G79: marzo | H79: =IFS(G79="enero","01_enero",G79="febrero","02_febrero",G79="marzo","03_marzo",G79="abril","04_abril",G79="mayo","05_mayo",G79="junio","06_junio",G79="julio","07_julio",G79="agosto","08_agosto",G79="septiembre","09_septiembre",G79="octubre","10_octubre",G79="noviembre","11_noviembre",G79="diciembre","12_diciembre") -> 03_marzo | I79: sábado | J79: =IFS(I79="lunes","1_lunes",I79="martes","2_martes",I79="miércoles","3_miércoles",I79="jueves","4_jueves",I79="viernes","5_viernes",I79="sábado","6_sábado",I79="domingo","7_domingo") -> 6_sábado
A80: 45739 | B80: ensayo | C80: español | D80: 21 | E80: si | F80: mañana | G80: marzo | H80: =IFS(G80="enero","01_enero",G80="febrero","02_febrero",G80="marzo","03_marzo",G80="abril","04_abril",G80="mayo","05_mayo",G80="junio","06_junio",G80="julio","07_julio",G80="agosto","08_agosto",G80="septiembre","09_septiembre",G80="octubre","10_octubre",G80="noviembre","11_noviembre",G80="diciembre","12_diciembre") -> 03_marzo | I80: domingo | J80: =IFS(I80="lunes","1_lunes",I80="martes","2_martes",I80="miércoles","3_miércoles",I80="jueves","4_jueves",I80="viernes","5_viernes",I80="sábado","6_sábado",I80="domingo","7_domingo") -> 7_domingo
A81: 45740 | B81: ensayo | C81: español | D81: 21 | E81: si | F81: tarde | G81: marzo | H81: =IFS(G81="enero","01_enero",G81="febrero","02_febrero",G81="marzo","03_marzo",G81="abril","04_abril",G81="mayo","05_mayo",G81="junio","06_junio",G81="julio","07_julio",G81="agosto","08_agosto",G81="septiembre","09_septiembre",G81="octubre","10_octubre",G81="noviembre","11_noviembre",G81="diciembre","12_diciembre") -> 03_marzo | I81: lunes | J81: =IFS(I81="lunes","1_lunes",I81="martes","2_martes",I81="miércoles","3_miércoles",I81="jueves","4_jueves",I81="viernes","5_viernes",I81="sábado","6_sábado",I81="domingo","7_domingo") -> 1_lunes
A82: 45741 | B82: ficcion | C82: catalán | D82: 14 | E82: si | F82: tarde | G82: marzo | H82: =IFS(G82="enero","01_enero",G82="febrero","02_febrero",G82="marzo","03_marzo",G82="abril","04_abril",G82="mayo","05_mayo",G82="junio","06_junio",G82="julio","07_julio",G82="agosto","08_agosto",G82="septiembre","09_septiembre",G82="octubre","10_octubre",G82="noviembre","11_noviembre",G82="diciembre","12_diciembre") -> 03_marzo | I82: martes | J82: =IFS(I82="lunes","1_lunes",I82="martes","2_martes",I82="miércoles","3_miércoles",I82="jueves","4_jueves",I82="viernes","5_viernes",I82="sábado","6_sábado",I82="domingo","7_domingo") -> 2_martes
A83: 45742 | B83: comic | C83: español | D83: 7 | E83: si | F83: tarde | G83: marzo | H83: =IFS(G83="enero","01_enero",G83="febrero","02_febrero",G83="marzo","03_marzo",G83="abril","04_abril",G83="mayo","05_mayo",G83="junio","06_junio",G83="julio","07_julio",G83="agosto","08_agosto",G83="septiembre","09_septiembre",G83="octubre","10_octubre",G83="noviembre","11_noviembre",G83="diciembre","12_diciembre") -> 03_marzo | I83: miércoles | J83: =IFS(I83="lunes","1_lunes",I83="martes","2_martes",I83="miércoles","3_miércoles",I83="jueves","4_jueves",I83="viernes","5_viernes",I83="sábado","6_sábado",I83="domingo","7_domingo") -> 3_miércoles
... A262: 46021 | B262: infantil | C262: español | D262: 10 | E262: si | F262: mañana | G262: diciembre | H262: =IFS(G262="enero","01_enero",G262="febrero","02_febrero",G262="marzo","03_marzo",G262="abril","04_abril",G262="mayo","05_mayo",G262="junio","06_junio",G262="julio","07_julio",G262="agosto","08_agosto",G262="septiembre","09_septiembre",G262="octubre","10_octubre",G262="noviembre","11_noviembre",G262="diciembre","12_diciembre") -> 12_diciembre | I262: martes | J262: =IFS(I262="lunes","1_lunes",I262="martes","2_martes",I262="miércoles","3_miércoles",I262="jueves","4_jueves",I262="viernes","5_viernes",I262="sábado","6_sábado",I262="domingo","7_domingo") -> 2_martes

Sheet Copia de Gráficos
B62: MAÑANAS
B63: dia / mes | C63: 01_enero | D63: 02_febrero | E63: 03_marzo | F63: 04_abril | G63: 05_mayo | H63: 06_junio | I63: 07_julio | J63: 08_agosto | K63: 09_septiembre | L63: 10_octubre | M63: 11_noviembre | N63: 12_diciembre
B64: 1_lunes | C64: =COUNTIFS(Tabla!$H$2:$H$262,C$63,Tabla!$J$2:$J$262,$B64,Tabla!$F$2:$F$262,"mañana") -> 0 | D64: =COUNTIFS(Tabla!$H$2:$H$262,D$63,Tabla!$J$2:$J$262,$B64,Tabla!$F$2:$F$262,"mañana") -> 0 | E64: =COUNTIFS(Tabla!$H$2:$H$262,E$63,Tabla!$J$2:$J$262,$B64,Tabla!$F$2:$F$262,"mañana") -> 0 | F64: =COUNTIFS(Tabla!$H$2:$H$262,F$63,Tabla!$J$2:$J$262,$B64,Tabla!$F$2:$F$262,"mañana") -> 0 | G64: =COUNTIFS(Tabla!$H$2:$H$262,G$63,Tabla!$J$2:$J$262,$B64,Tabla!$F$2:$F$262,"mañana") -> 0 | H64: =COUNTIFS(Tabla!$H$2:$H$262,H$63,Tabla!$J$2:$J$262,$B64,Tabla!$F$2:$F$262,"mañana") -> 0 | I64: =COUNTIFS(Tabla!$H$2:$H$262,I$63,Tabla!$J$2:$J$262,$B64,Tabla!$F$2:$F$262,"mañana") -> 0 | J64: =COUNTIFS(Tabla!$H$2:$H$262,J$63,Tabla!$J$2:$J$262,$B64,Tabla!$F$2:$F$262,"mañana") -> 0 | ... N64: =COUNTIFS(Tabla!$H$2:$H$262,N$63,Tabla!$J$2:$J$262,$B64,Tabla!$F$2:$F$262,"mañana") -> 0
B65: 2_martes | C65: =COUNTIFS(Tabla!$H$2:$H$262,C$63,Tabla!$J$2:$J$262,$B65,Tabla!$F$2:$F$262,"mañana") -> 0 | D65: =COUNTIFS(Tabla!$H$2:$H$262,D$63,Tabla!$J$2:$J$262,$B65,Tabla!$F$2:$F$262,"mañana") -> 0 | E65: =COUNTIFS(Tabla!$H$2:$H$262,E$63,Tabla!$J$2:$J$262,$B65,Tabla!$F$2:$F$262,"mañana") -> 0 | F65: =COUNTIFS(Tabla!$H$2:$H$262,F$63,Tabla!$J$2:$J$262,$B65,Tabla!$F$2:$F$262,"mañana") -> 0 | G65: =COUNTIFS(Tabla!$H$2:$H$262,G$63,Tabla!$J$2:$J$262,$B65,Tabla!$F$2:$F$262,"mañana") -> 0 | H65: =COUNTIFS(Tabla!$H$2:$H$262,H$63,Tabla!$J$2:$J$262,$B65,Tabla!$F$2:$F$262,"mañana") -> 0 | I65: =COUNTIFS(Tabla!$H$2:$H$262,I$63,Tabla!$J$2:$J$262,$B65,Tabla!$F$2:$F$262,"mañana") -> 0 | J65: =COUNTIFS(Tabla!$H$2:$H$262,J$63,Tabla!$J$2:$J$262,$B65,Tabla!$F$2:$F$262,"mañana") -> 0 | ... N65: =COUNTIFS(Tabla!$H$2:$H$262,N$63,Tabla!$J$2:$J$262,$B65,Tabla!$F$2:$F$262,"mañana") -> 0
B66: 3_miércoles | C66: =COUNTIFS(Tabla!$H$2:$H$262,C$63,Tabla!$J$2:$J$262,$B66,Tabla!$F$2:$F$262,"mañana") -> 0 | D66: =COUNTIFS(Tabla!$H$2:$H$262,D$63,Tabla!$J$2:$J$262,$B66,Tabla!$F$2:$F$262,"mañana") -> 0 | E66: =COUNTIFS(Tabla!$H$2:$H$262,E$63,Tabla!$J$2:$J$262,$B66,Tabla!$F$2:$F$262,"mañana") -> 0 | F66: =COUNTIFS(Tabla!$H$2:$H$262,F$63,Tabla!$J$2:$J$262,$B66,Tabla!$F$2:$F$262,"mañana") -> 0 | G66: =COUNTIFS(Tabla!$H$2:$H$262,G$63,Tabla!$J$2:$J$262,$B66,Tabla!$F$2:$F$262,"mañana") -> 0 | H66: =COUNTIFS(Tabla!$H$2:$H$262,H$63,Tabla!$J$2:$J$262,$B66,Tabla!$F$2:$F$262,"mañana") -> 0 | I66: =COUNTIFS(Tabla!$H$2:$H$262,I$63,Tabla!$J$2:$J$262,$B66,Tabla!$F$2:$F$262,"mañana") -> 0 | J66: =COUNTIFS(Tabla!$H$2:$H$262,J$63,Tabla!$J$2:$J$262,$B66,Tabla!$F$2:$F$262,"mañana") -> 0 | ... N66: =COUNTIFS(Tabla!$H$2:$H$262,N$63,Tabla!$J$2:$J$262,$B66,Tabla!$F$2:$F$262,"mañana") -> 0
B67: 4_jueves | C67: =COUNTIFS(Tabla!$H$2:$H$262,C$63,Tabla!$J$2:$J$262,$B67,Tabla!$F$2:$F$262,"mañana") -> 0 | D67: =COUNTIFS(Tabla!$H$2:$H$262,D$63,Tabla!$J$2:$J$262,$B67,Tabla!$F$2:$F$262,"mañana") -> 0 | E67: =COUNTIFS(Tabla!$H$2:$H$262,E$63,Tabla!$J$2:$J$262,$B67,Tabla!$F$2:$F$262,"mañana") -> 0 | F67: =COUNTIFS(Tabla!$H$2:$H$262,F$63,Tabla!$J$2:$J$262,$B67,Tabla!$F$2:$F$262,"mañana") -> 0 | G67: =COUNTIFS(Tabla!$H$2:$H$262,G$63,Tabla!$J$2:$J$262,$B67,Tabla!$F$2:$F$262,"mañana") -> 0 | H67: =COUNTIFS(Tabla!$H$2:$H$262,H$63,Tabla!$J$2:$J$262,$B67,Tabla!$F$2:$F$262,"mañana") -> 0 | I67: =COUNTIFS(Tabla!$H$2:$H$262,I$63,Tabla!$J$2:$J$262,$B67,Tabla!$F$2:$F$262,"mañana") -> 0 | J67: =COUNTIFS(Tabla!$H$2:$H$262,J$63,Tabla!$J$2:$J$262,$B67,Tabla!$F$2:$F$262,"mañana") -> 0 | ... N67: =COUNTIFS(Tabla!$H$2:$H$262,N$63,Tabla!$J$2:$J$262,$B67,Tabla!$F$2:$F$262,"mañana") -> 0
B68: 5_viernes | C68: =COUNTIFS(Tabla!$H$2:$H$262,C$63,Tabla!$J$2:$J$262,$B68,Tabla!$F$2:$F$262,"mañana") -> 0 | D68: =COUNTIFS(Tabla!$H$2:$H$262,D$63,Tabla!$J$2:$J$262,$B68,Tabla!$F$2:$F$262,"mañana") -> 0 | E68: =COUNTIFS(Tabla!$H$2:$H$262,E$63,Tabla!$J$2:$J$262,$B68,Tabla!$F$2:$F$262,"mañana") -> 0 | F68: =COUNTIFS(Tabla!$H$2:$H$262,F$63,Tabla!$J$2:$J$262,$B68,Tabla!$F$2:$F$262,"mañana") -> 0 | G68: =COUNTIFS(Tabla!$H$2:$H$262,G$63,Tabla!$J$2:$J$262,$B68,Tabla!$F$2:$F$262,"mañana") -> 0 | H68: =COUNTIFS(Tabla!$H$2:$H$262,H$63,Tabla!$J$2:$J$262,$B68,Tabla!$F$2:$F$262,"mañana") -> 0 | I68: =COUNTIFS(Tabla!$H$2:$H$262,I$63,Tabla!$J$2:$J$262,$B68,Tabla!$F$2:$F$262,"mañana") -> 0 | J68: =COUNTIFS(Tabla!$H$2:$H$262,J$63,Tabla!$J$2:$J$262,$B68,Tabla!$F$2:$F$262,"mañana") -> 0 | ... N68: =COUNTIFS(Tabla!$H$2:$H$262,N$63,Tabla!$J$2:$J$262,$B68,Tabla!$F$2:$F$262,"mañana") -> 0
B69: 6_sábado | C69: =COUNTIFS(Tabla!$H$2:$H$262,C$63,Tabla!$J$2:$J$262,$B69,Tabla!$F$2:$F$262,"mañana") -> 0 | D69: =COUNTIFS(Tabla!$H$2:$H$262,D$63,Tabla!$J$2:$J$262,$B69,Tabla!$F$2:$F$262,"mañana") -> 0 | E69: =COUNTIFS(Tabla!$H$2:$H$262,E$63,Tabla!$J$2:$J$262,$B69,Tabla!$F$2:$F$262,"mañana") -> 0 | F69: =COUNTIFS(Tabla!$H$2:$H$262,F$63,Tabla!$J$2:$J$262,$B69,Tabla!$F$2:$F$262,"mañana") -> 0 | G69: =COUNTIFS(Tabla!$H$2:$H$262,G$63,Tabla!$J$2:$J$262,$B69,Tabla!$F$2:$F$262,"mañana") -> 0 | H69: =COUNTIFS(Tabla!$H$2:$H$262,H$63,Tabla!$J$2:$J$262,$B69,Tabla!$F$2:$F$262,"mañana") -> 0 | I69: =COUNTIFS(Tabla!$H$2:$H$262,I$63,Tabla!$J$2:$J$262,$B69,Tabla!$F$2:$F$262,"mañana") -> 0 | J69: =COUNTIFS(Tabla!$H$2:$H$262,J$63,Tabla!$J$2:$J$262,$B69,Tabla!$F$2:$F$262,"mañana") -> 0 | ... N69: =COUNTIFS(Tabla!$H$2:$H$262,N$63,Tabla!$J$2:$J$262,$B69,Tabla!$F$2:$F$262,"mañana") -> 0
B70: 7_domingo | C70: =COUNTIFS(Tabla!$H$2:$H$262,C$63,Tabla!$J$2:$J$262,$B70,Tabla!$F$2:$F$262,"mañana") -> 0 | D70: =COUNTIFS(Tabla!$H$2:$H$262,D$63,Tabla!$J$2:$J$262,$B70,Tabla!$F$2:$F$262,"mañana") -> 0 | E70: =COUNTIFS(Tabla!$H$2:$H$262,E$63,Tabla!$J$2:$J$262,$B70,Tabla!$F$2:$F$262,"mañana") -> 0 | F70: =COUNTIFS(Tabla!$H$2:$H$262,F$63,Tabla!$J$2:$J$262,$B70,Tabla!$F$2:$F$262,"mañana") -> 0 | G70: =COUNTIFS(Tabla!$H$2:$H$262,G$63,Tabla!$J$2:$J$262,$B70,Tabla!$F$2:$F$262,"mañana") -> 0 | H70: =COUNTIFS(Tabla!$H$2:$H$262,H$63,Tabla!$J$2:$J$262,$B70,Tabla!$F$2:$F$262,"mañana") -> 0 | I70: =COUNTIFS(Tabla!$H$2:$H$262,I$63,Tabla!$J$2:$J$262,$B70,Tabla!$F$2:$F$262,"mañana") -> 0 | J70: =COUNTIFS(Tabla!$H$2:$H$262,J$63,Tabla!$J$2:$J$262,$B70,Tabla!$F$2:$F$262,"mañana") -> 0 | ... N70: =COUNTIFS(Tabla!$H$2:$H$262,N$63,Tabla!$J$2:$J$262,$B70,Tabla!$F$2:$F$262,"mañana") -> 0
B74: TARDES
B75: dia / mes | C75: 01_enero | D75: 02_febrero | E75: 03_marzo | F75: 04_abril | G75: 05_mayo | H75: 06_junio | I75: 07_julio | J75: 08_agosto | K75: 09_septiembre | L75: 10_octubre | M75: 11_noviembre | N75: 12_diciembre
B76: 1_lunes | C76: =COUNTIFS(#REF!,C$63,#REF!,$B76,#REF!,"tarde") -> 0 | D76: =COUNTIFS(#REF!,D$63,#REF!,$B76,#REF!,"tarde") -> 0 | E76: =COUNTIFS(#REF!,E$63,#REF!,$B76,#REF!,"tarde") -> 0 | F76: =COUNTIFS(#REF!,F$63,#REF!,$B76,#REF!,"tarde") -> 0 | G76: =COUNTIFS(#REF!,G$63,#REF!,$B76,#REF!,"tarde") -> 0 | H76: =COUNTIFS(#REF!,H$63,#REF!,$B76,#REF!,"tarde") -> 0 | I76: =COUNTIFS(#REF!,I$63,#REF!,$B76,#REF!,"tarde") -> 0 | J76: =COUNTIFS(#REF!,J$63,#REF!,$B76,#REF!,"tarde") -> 0 | ... N76: =COUNTIFS(#REF!,N$63,#REF!,$B76,#REF!,"tarde") -> 0
B77: 2_martes | C77: =COUNTIFS(#REF!,C$63,#REF!,$B77,#REF!,"tarde") -> 0 | D77: =COUNTIFS(#REF!,D$63,#REF!,$B77,#REF!,"tarde") -> 0 | E77: =COUNTIFS(#REF!,E$63,#REF!,$B77,#REF!,"tarde") -> 0 | F77: =COUNTIFS(#REF!,F$63,#REF!,$B77,#REF!,"tarde") -> 0 | G77: =COUNTIFS(#REF!,G$63,#REF!,$B77,#REF!,"tarde") -> 0 | H77: =COUNTIFS(#REF!,H$63,#REF!,$B77,#REF!,"tarde") -> 0 | I77: =COUNTIFS(#REF!,I$63,#REF!,$B77,#REF!,"tarde") -> 0 | J77: =COUNTIFS(#REF!,J$63,#REF!,$B77,#REF!,"tarde") -> 0 | ... N77: =COUNTIFS(#REF!,N$63,#REF!,$B77,#REF!,"tarde") -> 0
B78: 3_miércoles | C78: =COUNTIFS(#REF!,C$63,#REF!,$B78,#REF!,"tarde") -> 0 | D78: =COUNTIFS(#REF!,D$63,#REF!,$B78,#REF!,"tarde") -> 0 | E78: =COUNTIFS(#REF!,E$63,#REF!,$B78,#REF!,"tarde") -> 0 | F78: =COUNTIFS(#REF!,F$63,#REF!,$B78,#REF!,"tarde") -> 0 | G78: =COUNTIFS(#REF!,G$63,#REF!,$B78,#REF!,"tarde") -> 0 | H78: =COUNTIFS(#REF!,H$63,#REF!,$B78,#REF!,"tarde") -> 0 | I78: =COUNTIFS(#REF!,I$63,#REF!,$B78,#REF!,"tarde") -> 0 | J78: =COUNTIFS(#REF!,J$63,#REF!,$B78,#REF!,"tarde") -> 0 | ... N78: =COUNTIFS(#REF!,N$63,#REF!,$B78,#REF!,"tarde") -> 0
B79: 4_jueves | C79: =COUNTIFS(#REF!,C$63,#REF!,$B79,#REF!,"tarde") -> 0 | D79: =COUNTIFS(#REF!,D$63,#REF!,$B79,#REF!,"tarde") -> 0 | E79: =COUNTIFS(#REF!,E$63,#REF!,$B79,#REF!,"tarde") -> 0 | F79: =COUNTIFS(#REF!,F$63,#REF!,$B79,#REF!,"tarde") -> 0 | G79: =COUNTIFS(#REF!,G$63,#REF!,$B79,#REF!,"tarde") -> 0 | H79: =COUNTIFS(#REF!,H$63,#REF!,$B79,#REF!,"tarde") -> 0 | I79: =COUNTIFS(#REF!,I$63,#REF!,$B79,#REF!,"tarde") -> 0 | J79: =COUNTIFS(#REF!,J$63,#REF!,$B79,#REF!,"tarde") -> 0 | ... N79: =COUNTIFS(#REF!,N$63,#REF!,$B79,#REF!,"tarde") -> 0
B80: 5_viernes | C80: =COUNTIFS(#REF!,C$63,#REF!,$B80,#REF!,"tarde") -> 0 | D80: =COUNTIFS(#REF!,D$63,#REF!,$B80,#REF!,"tarde") -> 0 | E80: =COUNTIFS(#REF!,E$63,#REF!,$B80,#REF!,"tarde") -> 0 | F80: =COUNTIFS(#REF!,F$63,#REF!,$B80,#REF!,"tarde") -> 0 | G80: =COUNTIFS(#REF!,G$63,#REF!,$B80,#REF!,"tarde") -> 0 | H80: =COUNTIFS(#REF!,H$63,#REF!,$B80,#REF!,"tarde") -> 0 | I80: =COUNTIFS(#REF!,I$63,#REF!,$B80,#REF!,"tarde") -> 0 | J80: =COUNTIFS(#REF!,J$63,#REF!,$B80,#REF!,"tarde") -> 0 | ... N80: =COUNTIFS(#REF!,N$63,#REF!,$B80,#REF!,"tarde") -> 0
B81: 6_sábado | C81: =COUNTIFS(#REF!,C$63,#REF!,$B81,#REF!,"tarde") -> 0 | D81: =COUNTIFS(#REF!,D$63,#REF!,$B81,#REF!,"tarde") -> 0 | E81: =COUNTIFS(#REF!,E$63,#REF!,$B81,#REF!,"tarde") -> 0 | F81: =COUNTIFS(#REF!,F$63,#REF!,$B81,#REF!,"tarde") -> 0 | G81: =COUNTIFS(#REF!,G$63,#REF!,$B81,#REF!,"tarde") -> 0 | H81: =COUNTIFS(#REF!,H$63,#REF!,$B81,#REF!,"tarde") -> 0 | I81: =COUNTIFS(#REF!,I$63,#REF!,$B81,#REF!,"tarde") -> 0 | J81: =COUNTIFS(#REF!,J$63,#REF!,$B81,#REF!,"tarde") -> 0 | ... N81: =COUNTIFS(#REF!,N$63,#REF!,$B81,#REF!,"tarde") -> 0
B82: 7_domingo | C82: =COUNTIFS(#REF!,C$63,#REF!,$B82,#REF!,"tarde") -> 0 | D82: =COUNTIFS(#REF!,D$63,#REF!,$B82,#REF!,"tarde") -> 0 | E82: =COUNTIFS(#REF!,E$63,#REF!,$B82,#REF!,"tarde") -> 0 | F82: =COUNTIFS(#REF!,F$63,#REF!,$B82,#REF!,"tarde") -> 0 | G82: =COUNTIFS(#REF!,G$63,#REF!,$B82,#REF!,"tarde") -> 0 | H82: =COUNTIFS(#REF!,H$63,#REF!,$B82,#REF!,"tarde") -> 0 | I82: =COUNTIFS(#REF!,I$63,#REF!,$B82,#REF!,"tarde") -> 0 | J82: =COUNTIFS(#REF!,J$63,#REF!,$B82,#REF!,"tarde") -> 0 | ... N82: =COUNTIFS(#REF!,N$63,#REF!,$B82,#REF!,"tarde") -> 0
C85: lunes por la mañana ningún registro: quizás pueda estar cerrado o nadie puede ir a por libros
C86: martes mañanas solo de julio y agosto
C87: miércoles de marzo y de septiembre solo de mañana; julio y agosto día completo
C90: sábados mañana ningún registro: quizás pueda estar cerrado o quizás nadie puede ir a por libros
